node_id,degree
0,468
1,518
2,490
3,495
4,511
5,458
6,481
7,443
8,536
9,508
10,488
11,452
12,454
13,501
14,446
15,467
16,483
17,499
18,478
19,511
20,493
21,500
22,501
23,437
24,525
25,506
26,479
27,496
28,493
29,475
30,464
31,477
32,460
33,489
34,493
35,499
36,481
37,502
38,525
39,459
40,474
41,508
42,476
43,464
44,473
45,463
46,479
47,471
48,474
49,501
50,519
51,510
52,504
53,454
54,501
55,522
56,444
57,531
58,484
59,477
60,484
61,515
62,459
63,519
64,472
65,492
66,487
67,524
68,513
69,477
70,475
71,497
72,518
73,506
74,493
75,511
76,472
77,505
78,481
79,485
80,469
81,479
82,497
83,506
84,492
85,438
86,464
87,489
88,526
89,438
90,465
91,504
92,482
93,506
94,536
95,487
96,514
97,489
98,483
99,476
100,469
101,481
102,472
103,466
104,515
105,480
106,509
107,477
108,483
109,459
110,480
111,462
112,491
113,524
114,443
115,487
116,458
117,501
118,467
119,479
120,477
121,526
122,475
123,526
124,439
125,471
126,515
127,496
128,477
129,526
130,475
131,510
132,493
133,507
134,482
135,451
136,499
137,477
138,492
139,511
140,495
141,457
142,484
143,477
144,449
145,451
146,504
147,467
148,467
149,505
150,526
151,457
152,478
153,497
154,494
155,483
156,517
157,508
158,460
159,494
160,483
161,478
162,513
163,486
164,479
165,462
166,550
167,493
168,495
169,516
170,482
171,435
172,481
173,509
174,479
175,461
176,462
177,503
178,522
179,483
180,458
181,489
182,450
183,529
184,454
185,495
186,498
187,510
188,508
189,465
190,465
191,517
192,516
193,475
194,507
195,502
196,479
197,482
198,499
199,482
200,475
201,483
202,477
203,515
204,504
205,480
206,499
207,465
208,517
209,442
210,497
211,528
212,445
213,508
214,504
215,507
216,480
217,490
218,464
219,484
220,500
221,456
222,449
223,496
224,453
225,463
226,475
227,507
228,445
229,466
230,470
231,479
232,515
233,463
234,490
235,457
236,500
237,486
238,483
239,487
240,481
241,469
242,503
243,453
244,502
245,488
246,487
247,486
248,517
249,478
250,520
251,479
252,467
253,526
254,502
255,490
256,478
257,465
258,463
259,476
260,477
261,471
262,493
263,475
264,487
265,467
266,490
267,501
268,468
269,459
270,505
271,484
272,489
273,477
274,486
275,482
276,487
277,481
278,501
279,502
280,501
281,523
282,491
283,428
284,462
285,477
286,499
287,509
288,490
289,493
290,479
291,469
292,477
293,508
294,492
295,518
296,479
297,473
298,493
299,524
300,479
301,485
302,446
303,493
304,501
305,498
306,484
307,477
308,464
309,478
310,507
311,534
312,495
313,484
314,463
315,533
316,484
317,492
318,489
319,484
320,525
321,483
322,524
323,490
324,470
325,460
326,470
327,502
328,487
329,478
330,472
331,524
332,472
333,462
334,476
335,493
336,481
337,515
338,502
339,454
340,489
341,494
342,483
343,486
344,500
345,504
346,458
347,442
348,468
349,476
350,478
351,448
352,458
353,517
354,462
355,499
356,530
357,444
358,480
359,523
360,461
361,504
362,480
363,498
364,521
365,465
366,487
367,466
368,489
369,501
370,472
371,475
372,503
373,513
374,472
375,491
376,448
377,469
378,451
379,512
380,471
381,459
382,483
383,545
384,469
385,472
386,472
387,451
388,451
389,466
390,445
391,447
392,478
393,481
394,473
395,460
396,497
397,487
398,472
399,485
400,502
401,480
402,463
403,500
404,486
405,510
406,493
407,504
408,430
409,475
410,496
411,462
412,482
413,470
414,494
415,476
416,454
417,462
418,486
419,488
420,493
421,490
422,492
423,469
424,481
425,490
426,519
427,477
428,472
429,488
430,473
431,517
432,489
433,497
434,533
435,477
436,467
437,479
438,453
439,487
440,506
441,491
442,493
443,508
444,477
445,492
446,474
447,470
448,519
449,546
450,496
451,476
452,481
453,488
454,462
455,497
456,506
457,506
458,500
459,495
460,469
461,478
462,508
463,484
464,522
465,492
466,493
467,509
468,499
469,503
470,499
471,494
472,426
473,487
474,508
475,473
476,476
477,479
478,491
479,477
480,453
481,482
482,442
483,505
484,485
485,493
486,496
487,486
488,479
489,520
490,510
491,480
492,477
493,471
494,493
495,471
496,468
497,439
498,476
499,493
500,470
501,496
502,476
503,484
504,474
505,478
506,503
507,486
508,528
509,455
510,488
511,445
512,475
513,510
514,483
515,485
516,487
517,456
518,484
519,473
520,494
521,491
522,513
523,488
524,480
525,474
526,455
527,505
528,452
529,486
530,498
531,447
532,507
533,472
534,488
535,499
536,492
537,471
538,465
539,496
540,496
541,458
542,459
543,486
544,483
545,506
546,454
547,447
548,483
549,477
550,513
551,504
552,503
553,504
554,522
555,455
556,511
557,504
558,487
559,489
560,500
561,510
562,468
563,516
564,431
565,463
566,495
567,509
568,450
569,462
570,485
571,467
572,486
573,485
574,476
575,494
576,504
577,473
578,475
579,506
580,465
581,467
582,496
583,457
584,481
585,477
586,492
587,492
588,463
589,500
590,466
591,520
592,477
593,477
594,437
595,505
596,463
597,516
598,486
599,500
600,488
601,494
602,491
603,484
604,496
605,477
606,487
607,499
608,458
609,482
610,495
611,471
612,445
613,483
614,461
615,520
616,474
617,494
618,482
619,478
620,453
621,470
622,499
623,481
624,461
625,526
626,500
627,470
628,486
629,521
630,498
631,465
632,487
633,493
634,516
635,502
636,463
637,481
638,522
639,499
640,473
641,471
642,500
643,473
644,486
645,484
646,468
647,465
648,495
649,490
650,488
651,494
652,481
653,493
654,499
655,491
656,503
657,475
658,476
659,497
660,470
661,481
662,455
663,538
664,467
665,456
666,480
667,487
668,448
669,466
670,493
671,517
672,488
673,488
674,474
675,468
676,467
677,474
678,483
679,549
680,469
681,480
682,465
683,518
684,479
685,503
686,476
687,498
688,509
689,457
690,502
691,477
692,471
693,501
694,486
695,480
696,474
697,480
698,492
699,493
700,494
701,480
702,482
703,487
704,485
705,476
706,501
707,454
708,448
709,480
710,502
711,463
712,485
713,488
714,493
715,490
716,511
717,511
718,455
719,462
720,498
721,467
722,476
723,470
724,529
725,488
726,452
727,490
728,482
729,497
730,506
731,511
732,492
733,520
734,503
735,461
736,498
737,482
738,486
739,524
740,485
741,463
742,471
743,465
744,470
745,492
746,517
747,477
748,470
749,505
750,480
751,434
752,505
753,456
754,499
755,491
756,504
757,503
758,485
759,497
760,535
761,466
762,496
763,494
764,495
765,491
766,453
767,485
768,481
769,487
770,524
771,467
772,447
773,500
774,468
775,497
776,502
777,483
778,477
779,456
780,509
781,501
782,535
783,483
784,493
785,470
786,457
787,472
788,499
789,491
790,463
791,496
792,490
793,523
794,507
795,468
796,493
797,480
798,455
799,474
800,498
801,494
802,459
803,483
804,483
805,504
806,511
807,499
808,487
809,502
810,485
811,475
812,471
813,469
814,496
815,490
816,521
817,498
818,489
819,461
820,496
821,494
822,435
823,489
824,519
825,494
826,462
827,500
828,456
829,479
830,463
831,478
832,438
833,470
834,489
835,486
836,462
837,477
838,477
839,526
840,485
841,534
842,481
843,459
844,483
845,461
846,498
847,469
848,480
849,499
850,481
851,462
852,484
853,491
854,507
855,466
856,490
857,445
858,504
859,433
860,493
861,488
862,503
863,508
864,482
865,464
866,503
867,495
868,471
869,459
870,484
871,483
872,482
873,440
874,488
875,472
876,476
877,494
878,480
879,490
880,506
881,523
882,490
883,483
884,487
885,482
886,499
887,509
888,482
889,516
890,463
891,509
892,479
893,489
894,505
895,467
896,472
897,459
898,450
899,492
900,479
901,502
902,506
903,487
904,487
905,468
906,487
907,450
908,462
909,466
910,461
911,479
912,490
913,475
914,512
915,493
916,481
917,479
918,489
919,470
920,497
921,492
922,480
923,494
924,472
925,471
926,519
927,485
928,468
929,479
930,498
931,501
932,487
933,473
934,513
935,473
936,476
937,475
938,438
939,483
940,502
941,453
942,479
943,472
944,467
945,454
946,526
947,479
948,460
949,427
950,510
951,489
952,454
953,513
954,509
955,489
956,479
957,503
958,480
959,459
960,484
961,453
962,503
963,521
964,475
965,469
966,538
967,500
968,493
969,446
970,501
971,505
972,502
973,495
974,504
975,482
976,462
977,515
978,457
979,498
980,459
981,488
982,476
983,507
984,461
985,484
986,459
987,472
988,442
989,485
990,460
991,483
992,471
993,504
994,506
995,507
996,513
997,466
998,491
999,495
1000,498
1001,494
1002,511
1003,502
1004,509
1005,502
1006,453
1007,449
1008,466
1009,498
1010,465
1011,461
1012,473
1013,480
1014,489
1015,503
1016,501
1017,518
1018,488
1019,507
1020,462
1021,471
1022,476
1023,509
1024,494
1025,501
1026,461
1027,489
1028,467
1029,502
1030,487
1031,472
1032,473
1033,495
1034,500
1035,483
1036,483
1037,481
1038,498
1039,489
1040,478
1041,514
1042,502
1043,450
1044,515
1045,476
1046,477
1047,477
1048,429
1049,481
1050,497
1051,491
1052,494
1053,445
1054,498
1055,491
1056,495
1057,483
1058,502
1059,471
1060,493
1061,471
1062,453
1063,473
1064,527
1065,490
1066,497
1067,460
1068,485
1069,474
1070,447
1071,449
1072,434
1073,476
1074,486
1075,479
1076,487
1077,455
1078,465
1079,511
1080,500
1081,452
1082,467
1083,501
1084,493
1085,468
1086,496
1087,488
1088,473
1089,457
1090,514
1091,539
1092,468
1093,507
1094,431
1095,501
1096,488
1097,476
1098,442
1099,451
1100,478
1101,498
1102,459
1103,471
1104,487
1105,498
1106,465
1107,446
1108,452
1109,532
1110,469
1111,495
1112,484
1113,467
1114,473
1115,501
1116,489
1117,482
1118,496
1119,496
1120,530
1121,516
1122,454
1123,478
1124,486
1125,476
1126,460
1127,497
1128,432
1129,495
1130,456
1131,469
1132,482
1133,510
1134,478
1135,457
1136,495
1137,459
1138,461
1139,481
1140,483
1141,505
1142,489
1143,501
1144,473
1145,495
1146,500
1147,498
1148,491
1149,480
1150,463
1151,513
1152,479
1153,452
1154,486
1155,463
1156,457
1157,447
1158,472
1159,479
1160,511
1161,457
1162,466
1163,485
1164,478
1165,479
1166,513
1167,481
1168,500
1169,463
1170,462
1171,459
1172,449
1173,520
1174,464
1175,480
1176,497
1177,496
1178,480
1179,536
1180,493
1181,504
1182,541
1183,457
1184,452
1185,476
1186,476
1187,444
1188,508
1189,470
1190,482
1191,487
1192,484
1193,489
1194,476
1195,475
1196,486
1197,459
1198,505
1199,501
1200,508
1201,486
1202,467
1203,493
1204,485
1205,498
1206,479
1207,474
1208,483
1209,485
1210,471
1211,516
1212,472
1213,499
1214,471
1215,498
1216,472
1217,462
1218,471
1219,512
1220,466
1221,485
1222,505
1223,514
1224,483
1225,481
1226,476
1227,515
1228,495
1229,485
1230,481
1231,474
1232,495
1233,466
1234,471
1235,505
1236,465
1237,503
1238,458
1239,479
1240,477
1241,511
1242,464
1243,452
1244,435
1245,457
1246,484
1247,511
1248,508
1249,481
1250,517
1251,529
1252,453
1253,519
1254,433
1255,487
1256,487
1257,482
1258,493
1259,495
1260,463
1261,500
1262,452
1263,471
1264,448
1265,492
1266,493
1267,499
1268,477
1269,479
1270,515
1271,429
1272,472
1273,456
1274,489
1275,487
1276,495
1277,520
1278,462
1279,477
1280,493
1281,502
1282,467
1283,476
1284,462
1285,497
1286,510
1287,464
1288,503
1289,482
1290,509
1291,499
1292,475
1293,467
1294,463
1295,512
1296,500
1297,483
1298,507
1299,481
1300,470
1301,488
1302,511
1303,500
1304,490
1305,485
1306,463
1307,479
1308,456
1309,424
1310,508
1311,482
1312,507
1313,463
1314,506
1315,471
1316,483
1317,465
1318,461
1319,478
1320,477
1321,480
1322,465
1323,462
1324,486
1325,447
1326,511
1327,439
1328,477
1329,485
1330,483
1331,474
1332,477
1333,475
1334,451
1335,456
1336,470
1337,485
1338,511
1339,467
1340,471
1341,493
1342,480
1343,525
1344,493
1345,482
1346,501
1347,490
1348,506
1349,436
1350,511
1351,480
1352,477
1353,472
1354,523
1355,516
1356,496
1357,493
1358,477
1359,493
1360,474
1361,480
1362,496
1363,508
1364,482
1365,501
1366,464
1367,460
1368,483
1369,510
1370,500
1371,467
1372,442
1373,527
1374,501
1375,478
1376,503
1377,509
1378,452
1379,480
1380,440
1381,474
1382,474
1383,505
1384,491
1385,463
1386,480
1387,414
1388,495
1389,461
1390,447
1391,449
1392,469
1393,485
1394,490
1395,450
1396,458
1397,461
1398,467
1399,500
1400,465
1401,507
1402,467
1403,489
1404,482
1405,457
1406,466
1407,509
1408,497
1409,487
1410,486
1411,478
1412,481
1413,474
1414,437
1415,457
1416,439
1417,469
1418,442
1419,479
1420,460
1421,485
1422,491
1423,540
1424,505
1425,473
1426,453
1427,478
1428,481
1429,508
1430,465
1431,492
1432,465
1433,489
1434,499
1435,504
1436,502
1437,491
1438,498
1439,470
1440,484
1441,438
1442,470
1443,473
1444,455
1445,470
1446,484
1447,496
1448,476
1449,468
1450,505
1451,506
1452,486
1453,509
1454,479
1455,520
1456,445
1457,475
1458,491
1459,480
1460,496
1461,472
1462,492
1463,505
1464,470
1465,486
1466,508
1467,498
1468,508
1469,485
1470,514
1471,513
1472,482
1473,508
1474,463
1475,494
1476,454
1477,497
1478,492
1479,510
1480,484
1481,455
1482,491
1483,468
1484,463
1485,500
1486,448
1487,473
1488,492
1489,481
1490,463
1491,495
1492,495
1493,457
1494,508
1495,469
1496,484
1497,487
1498,503
1499,491
1500,487
1501,464
1502,539
1503,467
1504,492
1505,470
1506,461
1507,472
1508,506
1509,517
1510,504
1511,533
1512,508
1513,480
1514,493
1515,486
1516,453
1517,528
1518,495
1519,489
1520,456
1521,518
1522,491
1523,478
1524,511
1525,496
1526,486
1527,448
1528,485
1529,488
1530,479
1531,513
1532,491
1533,473
1534,525
1535,456
1536,499
1537,456
1538,502
1539,472
1540,461
1541,487
1542,495
1543,480
1544,446
1545,501
1546,478
1547,500
1548,462
1549,489
1550,491
1551,452
1552,485
1553,464
1554,462
1555,447
1556,471
1557,506
1558,455
1559,473
1560,507
1561,483
1562,482
1563,498
1564,493
1565,467
1566,496
1567,495
1568,477
1569,470
1570,459
1571,498
1572,512
1573,482
1574,497
1575,472
1576,490
1577,492
1578,484
1579,461
1580,485
1581,452
1582,461
1583,482
1584,464
1585,473
1586,467
1587,485
1588,466
1589,467
1590,478
1591,463
1592,492
1593,484
1594,474
1595,437
1596,496
1597,500
1598,460
1599,466
1600,480
1601,444
1602,447
1603,496
1604,466
1605,465
1606,487
1607,465
1608,456
1609,452
1610,494
1611,458
1612,510
1613,467
1614,463
1615,454
1616,493
1617,481
1618,484
1619,493
1620,447
1621,466
1622,455
1623,504
1624,473
1625,489
1626,493
1627,478
1628,519
1629,483
1630,492
1631,480
1632,521
1633,500
1634,491
1635,466
1636,485
1637,519
1638,476
1639,468
1640,491
1641,475
1642,486
1643,490
1644,490
1645,486
1646,432
1647,485
1648,502
1649,515
1650,475
1651,513
1652,447
1653,489
1654,504
1655,475
1656,464
1657,489
1658,510
1659,453
1660,491
1661,476
1662,480
1663,455
1664,487
1665,472
1666,467
1667,490
1668,478
1669,468
1670,467
1671,479
1672,494
1673,479
1674,498
1675,489
1676,496
1677,458
1678,477
1679,453
1680,491
1681,514
1682,507
1683,460
1684,513
1685,506
1686,487
1687,469
1688,507
1689,519
1690,466
1691,490
1692,484
1693,474
1694,486
1695,500
1696,488
1697,448
1698,431
1699,471
1700,500
1701,500
1702,505
1703,515
1704,511
1705,510
1706,496
1707,512
1708,473
1709,476
1710,450
1711,433
1712,489
1713,475
1714,453
1715,501
1716,486
1717,484
1718,456
1719,521
1720,474
1721,456
1722,483
1723,493
1724,483
1725,497
1726,490
1727,506
1728,495
1729,473
1730,445
1731,476
1732,480
1733,461
1734,503
1735,513
1736,539
1737,508
1738,489
1739,455
1740,519
1741,465
1742,466
1743,485
1744,501
1745,474
1746,512
1747,482
1748,454
1749,519
1750,459
1751,494
1752,451
1753,492
1754,499
1755,527
1756,505
1757,510
1758,538
1759,494
1760,490
1761,488
1762,496
1763,474
1764,496
1765,488
1766,549
1767,446
1768,501
1769,504
1770,467
1771,505
1772,506
1773,488
1774,489
1775,438
1776,454
1777,472
1778,486
1779,477
1780,485
1781,464
1782,462
1783,502
1784,509
1785,477
1786,524
1787,481
1788,476
1789,536
1790,506
1791,467
1792,478
1793,463
1794,461
1795,500
1796,490
1797,487
1798,463
1799,513
1800,501
1801,479
1802,481
1803,448
1804,455
1805,482
1806,489
1807,485
1808,457
1809,499
1810,453
1811,474
1812,514
1813,493
1814,492
1815,496
1816,476
1817,465
1818,520
1819,499
1820,482
1821,477
1822,471
1823,506
1824,503
1825,475
1826,517
1827,459
1828,505
1829,479
1830,483
1831,487
1832,486
1833,466
1834,460
1835,511
1836,534
1837,515
1838,477
1839,480
1840,468
1841,460
1842,494
1843,475
1844,481
1845,456
1846,480
1847,473
1848,490
1849,466
1850,472
1851,490
1852,497
1853,483
1854,460
1855,464
1856,498
1857,500
1858,481
1859,521
1860,459
1861,470
1862,506
1863,490
1864,497
1865,504
1866,473
1867,471
1868,473
1869,446
1870,483
1871,502
1872,452
1873,505
1874,489
1875,495
1876,479
1877,450
1878,465
1879,492
1880,494
1881,490
1882,478
1883,462
1884,503
1885,492
1886,469
1887,513
1888,520
1889,507
1890,444
1891,490
1892,457
1893,486
1894,511
1895,476
1896,447
1897,484
1898,492
1899,515
1900,499
1901,497
1902,484
1903,484
1904,503
1905,495
1906,462
1907,454
1908,496
1909,475
1910,504
1911,463
1912,465
1913,525
1914,457
1915,496
1916,490
1917,494
1918,452
1919,501
1920,479
1921,543
1922,472
1923,473
1924,504
1925,480
1926,484
1927,496
1928,481
1929,495
1930,452
1931,499
1932,485
1933,536
1934,517
1935,496
1936,479
1937,471
1938,489
1939,520
1940,502
1941,517
1942,448
1943,476
1944,471
1945,519
1946,477
1947,467
1948,497
1949,471
1950,469
1951,507
1952,490
1953,507
1954,514
1955,504
1956,470
1957,495
1958,451
1959,443
1960,513
1961,434
1962,442
1963,499
1964,506
1965,481
1966,472
1967,491
1968,526
1969,477
1970,521
1971,494
1972,467
1973,456
1974,472
1975,518
1976,515
1977,469
1978,477
1979,503
1980,466
1981,486
1982,476
1983,486
1984,486
1985,435
1986,490
1987,497
1988,472
1989,510
1990,506
1991,478
1992,489
1993,505
1994,501
1995,472
1996,459
1997,477
1998,465
1999,489
2000,493
2001,498
2002,486
2003,506
2004,492
2005,537
2006,465
2007,483
2008,550
2009,476
2010,447
2011,500
2012,465
2013,481
2014,469
2015,478
2016,484
2017,514
2018,505
2019,487
2020,454
2021,460
2022,479
2023,525
2024,505
2025,450
2026,482
2027,503
2028,501
2029,511
2030,474
2031,473
2032,537
2033,484
2034,498
2035,498
2036,483
2037,505
2038,486
2039,494
2040,489
2041,465
2042,510
2043,492
2044,500
2045,476
2046,535
2047,499
2048,483
2049,475
2050,473
2051,494
2052,469
2053,472
2054,482
2055,475
2056,469
2057,543
2058,492
2059,487
2060,522
2061,510
2062,489
2063,494
2064,455
2065,523
2066,514
2067,507
2068,476
2069,470
2070,447
2071,470
2072,471
2073,471
2074,473
2075,492
2076,484
2077,477
2078,491
2079,464
2080,481
2081,444
2082,473
2083,431
2084,469
2085,453
2086,474
2087,444
2088,499
2089,485
2090,440
2091,488
2092,474
2093,483
2094,476
2095,479
2096,420
2097,464
2098,493
2099,492
2100,480
2101,501
2102,517
2103,501
2104,455
2105,467
2106,503
2107,450
2108,516
2109,473
2110,549
2111,498
2112,459
2113,489
2114,470
2115,480
2116,492
2117,443
2118,488
2119,507
2120,455
2121,465
2122,513
2123,514
2124,477
2125,486
2126,486
2127,500
2128,471
2129,496
2130,473
2131,475
2132,472
2133,443
2134,520
2135,502
2136,463
2137,487
2138,474
2139,487
2140,462
2141,481
2142,484
2143,483
2144,492
2145,520
2146,455
2147,486
2148,481
2149,540
2150,484
2151,481
2152,477
2153,463
2154,491
2155,465
2156,486
2157,468
2158,481
2159,440
2160,489
2161,457
2162,477
2163,446
2164,496
2165,519
2166,481
2167,461
2168,477
2169,527
2170,479
2171,497
2172,480
2173,467
2174,469
2175,467
2176,463
2177,538
2178,507
2179,491
2180,486
2181,500
2182,507
2183,486
2184,514
2185,482
2186,479
2187,489
2188,499
2189,481
2190,505
2191,513
2192,506
2193,461
2194,473
2195,466
2196,504
2197,472
2198,481
2199,470
2200,456
2201,497
2202,469
2203,468
2204,475
2205,494
2206,482
2207,480
2208,494
2209,483
2210,492
2211,512
2212,471
2213,476
2214,506
2215,475
2216,502
2217,533
2218,500
2219,446
2220,467
2221,500
2222,475
2223,493
2224,490
2225,504
2226,481
2227,502
2228,525
2229,492
2230,500
2231,527
2232,441
2233,485
2234,503
2235,475
2236,465
2237,476
2238,505
2239,472
2240,446
2241,482
2242,476
2243,480
2244,498
2245,469
2246,527
2247,471
2248,496
2249,528
2250,485
2251,471
2252,454
2253,490
2254,471
2255,489
2256,468
2257,470
2258,506
2259,495
2260,509
2261,473
2262,476
2263,511
2264,499
2265,450
2266,477
2267,477
2268,484
2269,504
2270,472
2271,499
2272,490
2273,533
2274,487
2275,450
2276,484
2277,477
2278,489
2279,484
2280,470
2281,470
2282,465
2283,489
2284,499
2285,493
2286,508
2287,475
2288,499
2289,502
2290,505
2291,473
2292,474
2293,445
2294,474
2295,510
2296,446
2297,495
2298,474
2299,484
2300,477
2301,499
2302,499
2303,525
2304,462
2305,489
2306,511
2307,476
2308,465
2309,488
2310,516
2311,483
2312,497
2313,457
2314,480
2315,471
2316,510
2317,508
2318,444
2319,452
2320,459
2321,481
2322,468
2323,479
2324,483
2325,477
2326,474
2327,499
2328,465
2329,473
2330,508
2331,514
2332,496
2333,468
2334,475
2335,493
2336,481
2337,507
2338,471
2339,484
2340,450
2341,475
2342,507
2343,496
2344,512
2345,497
2346,477
2347,486
2348,494
2349,487
2350,493
2351,481
2352,462
2353,468
2354,499
2355,486
2356,467
2357,470
2358,455
2359,494
2360,466
2361,462
2362,522
2363,506
2364,512
2365,478
2366,478
2367,516
2368,484
2369,490
2370,516
2371,486
2372,481
2373,486
2374,439
2375,472
2376,472
2377,508
2378,461
2379,468
2380,472
2381,470
2382,463
2383,525
2384,501
2385,465
2386,456
2387,507
2388,487
2389,507
2390,504
2391,497
2392,475
2393,500
2394,518
2395,518
2396,458
2397,494
2398,453
2399,493
2400,468
2401,475
2402,487
2403,489
2404,470
2405,477
2406,469
2407,475
2408,480
2409,469
2410,492
2411,502
2412,477
2413,449
2414,469
2415,503
2416,482
2417,494
2418,456
2419,481
2420,483
2421,472
2422,484
2423,485
2424,495
2425,471
2426,500
2427,498
2428,470
2429,477
2430,462
2431,486
2432,499
2433,467
2434,501
2435,457
2436,507
2437,461
2438,466
2439,493
2440,497
2441,479
2442,508
2443,482
2444,473
2445,456
2446,480
2447,469
2448,493
2449,505
2450,472
2451,493
2452,506
2453,487
2454,490
2455,485
2456,496
2457,484
2458,460
2459,477
2460,535
2461,491
2462,452
2463,490
2464,475
2465,512
2466,514
2467,464
2468,468
2469,471
2470,502
2471,484
2472,513
2473,451
2474,493
2475,503
2476,468
2477,488
2478,487
2479,437
2480,470
2481,502
2482,519
2483,462
2484,493
2485,466
2486,501
2487,449
2488,489
2489,490
2490,484
2491,487
2492,517
2493,487
2494,479
2495,512
2496,452
2497,493
2498,511
2499,501
2500,465
2501,478
2502,465
2503,524
2504,474
2505,498
2506,483
2507,456
2508,518
2509,484
2510,445
2511,508
2512,506
2513,503
2514,469
2515,480
2516,502
2517,459
2518,449
2519,490
2520,492
2521,480
2522,467
2523,481
2524,471
2525,445
2526,491
2527,522
2528,442
2529,489
2530,473
2531,498
2532,482
2533,479
2534,480
2535,506
2536,518
2537,462
2538,491
2539,513
2540,486
2541,480
2542,444
2543,468
2544,510
2545,464
2546,523
2547,493
2548,469
2549,462
2550,460
2551,511
2552,465
2553,462
2554,484
2555,488
2556,513
2557,475
2558,502
2559,472
2560,522
2561,500
2562,480
2563,462
2564,488
2565,456
2566,456
2567,475
2568,478
2569,464
2570,484
2571,469
2572,498
2573,509
2574,465
2575,470
2576,491
2577,449
2578,498
2579,496
2580,483
2581,477
2582,500
2583,489
2584,504
2585,491
2586,460
2587,455
2588,490
2589,503
2590,501
2591,488
2592,488
2593,483
2594,478
2595,496
2596,467
2597,483
2598,445
2599,501
2600,479
2601,469
2602,511
2603,462
2604,509
2605,493
2606,456
2607,514
2608,459
2609,514
2610,481
2611,473
2612,501
2613,480
2614,475
2615,496
2616,472
2617,478
2618,510
2619,443
2620,475
2621,537
2622,517
2623,471
2624,499
2625,482
2626,477
2627,503
2628,479
2629,491
2630,488
2631,485
2632,523
2633,456
2634,499
2635,472
2636,494
2637,486
2638,485
2639,503
2640,464
2641,501
2642,512
2643,501
2644,481
2645,513
2646,504
2647,489
2648,484
2649,443
2650,499
2651,509
2652,468
2653,473
2654,476
2655,467
2656,491
2657,480
2658,426
2659,475
2660,464
2661,478
2662,468
2663,461
2664,468
2665,489
2666,478
2667,459
2668,511
2669,518
2670,502
2671,466
2672,468
2673,457
2674,471
2675,487
2676,482
2677,490
2678,484
2679,499
2680,489
2681,477
2682,480
2683,479
2684,468
2685,487
2686,486
2687,454
2688,498
2689,456
2690,479
2691,482
2692,468
2693,478
2694,467
2695,446
2696,491
2697,488
2698,448
2699,487
2700,508
2701,492
2702,485
2703,449
2704,486
2705,481
2706,495
2707,473
2708,498
2709,492
2710,463
2711,453
2712,507
2713,481
2714,472
2715,486
2716,490
2717,528
2718,487
2719,458
2720,480
2721,464
2722,493
2723,493
2724,501
2725,470
2726,472
2727,493
2728,504
2729,475
2730,501
2731,492
2732,528
2733,480
2734,509
2735,499
2736,475
2737,521
2738,464
2739,456
2740,495
2741,483
2742,489
2743,486
2744,515
2745,473
2746,441
2747,463
2748,461
2749,484
2750,482
2751,475
2752,502
2753,495
2754,516
2755,504
2756,514
2757,467
2758,484
2759,487
2760,494
2761,501
2762,468
2763,478
2764,483
2765,468
2766,477
2767,454
2768,465
2769,445
2770,463
2771,483
2772,508
2773,484
2774,498
2775,490
2776,453
2777,511
2778,467
2779,500
2780,498
2781,466
2782,482
2783,486
2784,491
2785,489
2786,505
2787,493
2788,463
2789,466
2790,465
2791,497
2792,524
2793,470
2794,470
2795,494
2796,492
2797,476
2798,518
2799,515
2800,517
2801,478
2802,543
2803,488
2804,487
2805,495
2806,454
2807,461
2808,459
2809,457
2810,474
2811,493
2812,516
2813,499
2814,508
2815,493
2816,492
2817,483
2818,506
2819,500
2820,457
2821,453
2822,507
2823,447
2824,472
2825,491
2826,507
2827,489
2828,510
2829,433
2830,480
2831,473
2832,436
2833,476
2834,475
2835,481
2836,443
2837,509
2838,505
2839,489
2840,494
2841,445
2842,486
2843,477
2844,473
2845,507
2846,512
2847,470
2848,506
2849,549
2850,447
2851,455
2852,480
2853,504
2854,479
2855,522
2856,470
2857,469
2858,499
2859,448
2860,475
2861,488
2862,499
2863,468
2864,493
2865,491
2866,461
2867,506
2868,496
2869,481
2870,480
2871,497
2872,469
2873,509
2874,503
2875,458
2876,451
2877,483
2878,513
2879,493
2880,487
2881,489
2882,488
2883,530
2884,501
2885,468
2886,489
2887,474
2888,476
2889,488
2890,523
2891,518
2892,498
2893,485
2894,498
2895,462
2896,456
2897,463
2898,479
2899,481
2900,454
2901,499
2902,480
2903,473
2904,511
2905,452
2906,459
2907,491
2908,515
2909,526
2910,495
2911,471
2912,484
2913,505
2914,508
2915,520
2916,491
2917,462
2918,451
2919,477
2920,476
2921,516
2922,523
2923,495
2924,478
2925,484
2926,470
2927,457
2928,481
2929,511
2930,495
2931,491
2932,456
2933,495
2934,513
2935,483
2936,496
2937,470
2938,481
2939,486
2940,485
2941,529
2942,495
2943,435
2944,474
2945,481
2946,458
2947,483
2948,489
2949,501
2950,462
2951,455
2952,493
2953,544
2954,481
2955,464
2956,512
2957,452
2958,482
2959,426
2960,505
2961,478
2962,481
2963,494
2964,490
2965,471
2966,483
2967,501
2968,518
2969,494
2970,523
2971,475
2972,463
2973,482
2974,458
2975,476
2976,485
2977,493
2978,464
2979,479
2980,531
2981,529
2982,494
2983,527
2984,444
2985,478
2986,460
2987,476
2988,469
2989,480
2990,468
2991,463
2992,479
2993,485
2994,466
2995,497
2996,525
2997,475
2998,466
2999,476
3000,487
3001,489
3002,484
3003,466
3004,517
3005,493
3006,431
3007,483
3008,516
3009,478
3010,494
3011,481
3012,474
3013,498
3014,502
3015,464
3016,468
3017,496
3018,442
3019,510
3020,478
3021,452
3022,480
3023,464
3024,457
3025,491
3026,444
3027,478
3028,439
3029,489
3030,486
3031,465
3032,456
3033,490
3034,491
3035,501
3036,458
3037,470
3038,469
3039,509
3040,463
3041,504
3042,487
3043,510
3044,501
3045,501
3046,497
3047,461
3048,481
3049,491
3050,505
3051,488
3052,474
3053,492
3054,515
3055,470
3056,482
3057,484
3058,502
3059,482
3060,501
3061,500
3062,444
3063,452
3064,472
3065,485
3066,484
3067,458
3068,455
3069,488
3070,484
3071,499
3072,493
3073,514
3074,465
3075,510
3076,499
3077,505
3078,509
3079,498
3080,461
3081,460
3082,465
3083,517
3084,493
3085,479
3086,513
3087,491
3088,501
3089,528
3090,502
3091,498
3092,469
3093,489
3094,488
3095,501
3096,415
3097,492
3098,453
3099,446
3100,519
3101,506
3102,477
3103,477
3104,489
3105,490
3106,474
3107,471
3108,495
3109,481
3110,486
3111,490
3112,453
3113,442
3114,466
3115,471
3116,482
3117,495
3118,518
3119,467
3120,485
3121,440
3122,508
3123,488
3124,517
3125,470
3126,484
3127,466
3128,436
3129,507
3130,523
3131,512
3132,480
3133,463
3134,465
3135,492
3136,512
3137,511
3138,500
3139,460
3140,452
3141,479
3142,469
3143,502
3144,462
3145,475
3146,497
3147,480
3148,504
3149,477
3150,461
3151,491
3152,468
3153,485
3154,470
3155,510
3156,464
3157,425
3158,433
3159,546
3160,492
3161,492
3162,464
3163,485
3164,510
3165,483
3166,477
3167,492
3168,479
3169,500
3170,447
3171,470
3172,483
3173,493
3174,504
3175,476
3176,489
3177,498
3178,514
3179,490
3180,522
3181,451
3182,499
3183,426
3184,480
3185,474
3186,492
3187,508
3188,497
3189,494
3190,511
3191,489
3192,489
3193,482
3194,490
3195,436
3196,461
3197,527
3198,470
3199,478
3200,499
3201,494
3202,494
3203,492
3204,464
3205,472
3206,472
3207,474
3208,455
3209,487
3210,475
3211,503
3212,471
3213,475
3214,490
3215,476
3216,495
3217,459
3218,494
3219,450
3220,566
3221,471
3222,492
3223,522
3224,484
3225,520
3226,492
3227,483
3228,500
3229,481
3230,471
3231,453
3232,456
3233,506
3234,505
3235,472
3236,509
3237,508
3238,482
3239,477
3240,503
3241,458
3242,467
3243,474
3244,505
3245,456
3246,513
3247,507
3248,512
3249,483
3250,481
3251,480
3252,487
3253,445
3254,510
3255,455
3256,486
3257,481
3258,476
3259,502
3260,460
3261,468
3262,485
3263,461
3264,518
3265,512
3266,510
3267,449
3268,497
3269,496
3270,486
3271,457
3272,476
3273,469
3274,504
3275,454
3276,477
3277,430
3278,497
3279,452
3280,496
3281,472
3282,495
3283,466
3284,474
3285,465
3286,474
3287,470
3288,469
3289,492
3290,490
3291,473
3292,494
3293,523
3294,511
3295,513
3296,502
3297,476
3298,483
3299,478
3300,504
3301,453
3302,525
3303,491
3304,494
3305,492
3306,493
3307,544
3308,493
3309,470
3310,492
3311,498
3312,511
3313,486
3314,460
3315,472
3316,498
3317,507
3318,490
3319,499
3320,483
3321,492
3322,488
3323,519
3324,473
3325,471
3326,489
3327,466
3328,513
3329,506
3330,487
3331,495
3332,459
3333,496
3334,497
3335,520
3336,499
3337,521
3338,499
3339,481
3340,496
3341,493
3342,505
3343,483
3344,507
3345,488
3346,474
3347,486
3348,496
3349,506
3350,476
3351,511
3352,461
3353,441
3354,486
3355,463
3356,488
3357,484
3358,479
3359,471
3360,461
3361,518
3362,475
3363,506
3364,467
3365,487
3366,521
3367,468
3368,492
3369,486
3370,523
3371,499
3372,493
3373,478
3374,477
3375,489
3376,475
3377,485
3378,483
3379,491
3380,489
3381,495
3382,467
3383,471
3384,491
3385,510
3386,485
3387,456
3388,488
3389,498
3390,497
3391,503
3392,495
3393,489
3394,476
3395,497
3396,474
3397,485
3398,472
3399,479
3400,500
3401,471
3402,461
3403,478
3404,437
3405,500
3406,479
3407,482
3408,498
3409,497
3410,465
3411,490
3412,520
3413,522
3414,457
3415,506
3416,486
3417,504
3418,458
3419,527
3420,532
3421,503
3422,506
3423,478
3424,479
3425,500
3426,471
3427,509
3428,450
3429,467
3430,505
3431,493
3432,460
3433,484
3434,503
3435,450
3436,459
3437,509
3438,478
3439,467
3440,514
3441,514
3442,453
3443,484
3444,459
3445,511
3446,493
3447,496
3448,446
3449,506
3450,479
3451,500
3452,492
3453,499
3454,467
3455,439
3456,487
3457,482
3458,462
3459,496
3460,491
3461,470
3462,440
3463,467
3464,478
3465,451
3466,508
3467,487
3468,491
3469,483
3470,489
3471,468
3472,496
3473,468
3474,468
3475,476
3476,514
3477,484
3478,490
3479,499
3480,489
3481,472
3482,431
3483,442
3484,480
3485,502
3486,514
3487,467
3488,481
3489,499
3490,482
3491,495
3492,485
3493,485
3494,481
3495,482
3496,507
3497,479
3498,493
3499,485
3500,509
3501,442
3502,523
3503,511
3504,480
3505,499
3506,490
3507,492
3508,480
3509,484
3510,481
3511,475
3512,501
3513,506
3514,474
3515,477
3516,437
3517,506
3518,508
3519,474
3520,493
3521,501
3522,487
3523,517
3524,491
3525,440
3526,476
3527,517
3528,520
3529,500
3530,503
3531,487
3532,433
3533,512
3534,482
3535,508
3536,476
3537,475
3538,495
3539,464
3540,508
3541,419
3542,492
3543,466
3544,478
3545,482
3546,494
3547,519
3548,524
3549,481
3550,468
3551,516
3552,479
3553,465
3554,494
3555,487
3556,453
3557,492
3558,489
3559,463
3560,511
3561,458
3562,480
3563,502
3564,453
3565,512
3566,483
3567,464
3568,508
3569,487
3570,457
3571,522
3572,485
3573,455
3574,513
3575,445
3576,475
3577,462
3578,477
3579,506
3580,475
3581,456
3582,440
3583,484
3584,497
3585,479
3586,533
3587,457
3588,488
3589,459
3590,471
3591,460
3592,482
3593,529
3594,453
3595,483
3596,441
3597,469
3598,465
3599,476
3600,520
3601,512
3602,486
3603,469
3604,463
3605,473
3606,487
3607,495
3608,464
3609,461
3610,498
3611,534
3612,475
3613,496
3614,468
3615,470
3616,481
3617,483
3618,495
3619,481
3620,488
3621,482
3622,433
3623,472
3624,495
3625,510
3626,497
3627,476
3628,450
3629,484
3630,472
3631,472
3632,432
3633,523
3634,482
3635,465
3636,496
3637,504
3638,498
3639,495
3640,508
3641,498
3642,498
3643,487
3644,513
3645,525
3646,480
3647,481
3648,498
3649,480
3650,463
3651,494
3652,492
3653,474
3654,467
3655,470
3656,508
3657,483
3658,476
3659,455
3660,437
3661,460
3662,538
3663,497
3664,502
3665,467
3666,465
3667,533
3668,443
3669,474
3670,490
3671,473
3672,503
3673,482
3674,485
3675,509
3676,512
3677,481
3678,491
3679,508
3680,505
3681,444
3682,508
3683,470
3684,443
3685,500
3686,482
3687,472
3688,468
3689,497
3690,467
3691,470
3692,545
3693,475
3694,491
3695,447
3696,532
3697,501
3698,482
3699,469
3700,464
3701,442
3702,463
3703,497
3704,472
3705,481
3706,518
3707,522
3708,492
3709,479
3710,456
3711,450
3712,494
3713,492
3714,475
3715,493
3716,487
3717,474
3718,497
3719,530
3720,461
3721,495
3722,482
3723,463
3724,511
3725,460
3726,483
3727,507
3728,481
3729,520
3730,509
3731,495
3732,485
3733,455
3734,512
3735,480
3736,478
3737,491
3738,465
3739,438
3740,468
3741,481
3742,488
3743,484
3744,473
3745,489
3746,520
3747,498
3748,490
3749,468
3750,493
3751,504
3752,503
3753,498
3754,468
3755,502
3756,516
3757,477
3758,499
3759,487
3760,507
3761,508
3762,493
3763,535
3764,488
3765,459
3766,511
3767,505
3768,464
3769,504
3770,473
3771,481
3772,463
3773,473
3774,508
3775,471
3776,480
3777,467
3778,450
3779,483
3780,467
3781,470
3782,497
3783,497
3784,507
3785,460
3786,481
3787,474
3788,450
3789,497
3790,485
3791,484
3792,473
3793,485
3794,460
3795,474
3796,468
3797,486
3798,459
3799,514
3800,436
3801,460
3802,480
3803,464
3804,468
3805,500
3806,516
3807,457
3808,467
3809,490
3810,488
3811,509
3812,483
3813,458
3814,464
3815,474
3816,476
3817,491
3818,510
3819,480
3820,511
3821,501
3822,489
3823,499
3824,438
3825,475
3826,496
3827,466
3828,483
3829,461
3830,471
3831,499
3832,506
3833,473
3834,519
3835,470
3836,471
3837,462
3838,488
3839,482
3840,505
3841,486
3842,493
3843,501
3844,455
3845,461
3846,459
3847,486
3848,498
3849,514
3850,455
3851,458
3852,479
3853,509
3854,485
3855,473
3856,483
3857,496
3858,490
3859,476
3860,491
3861,460
3862,478
3863,490
3864,473
3865,486
3866,476
3867,514
3868,443
3869,453
3870,500
3871,521
3872,477
3873,479
3874,516
3875,499
3876,502
3877,515
3878,477
3879,498
3880,469
3881,451
3882,511
3883,499
3884,513
3885,459
3886,485
3887,457
3888,441
3889,489
3890,452
3891,507
3892,481
3893,473
3894,469
3895,517
3896,502
3897,456
3898,453
3899,482
3900,465
3901,448
3902,476
3903,414
3904,489
3905,492
3906,473
3907,474
3908,456
3909,504
3910,495
3911,459
3912,476
3913,526
3914,436
3915,497
3916,450
3917,491
3918,483
3919,510
3920,469
3921,499
3922,485
3923,469
3924,481
3925,477
3926,478
3927,488
3928,478
3929,488
3930,503
3931,508
3932,480
3933,484
3934,506
3935,446
3936,503
3937,495
3938,469
3939,466
3940,524
3941,458
3942,503
3943,492
3944,469
3945,476
3946,459
3947,505
3948,494
3949,503
3950,496
3951,500
3952,472
3953,481
3954,525
3955,498
3956,500
3957,485
3958,477
3959,466
3960,477
3961,509
3962,426
3963,488
3964,466
3965,498
3966,496
3967,481
3968,515
3969,486
3970,491
3971,495
3972,490
3973,505
3974,418
3975,497
3976,446
3977,456
3978,493
3979,467
3980,517
3981,469
3982,503
3983,472
3984,476
3985,491
3986,481
3987,488
3988,507
3989,461
3990,490
3991,483
3992,433
3993,460
3994,502
3995,498
3996,479
3997,477
3998,473
3999,501
4000,496
4001,475
4002,484
4003,519
4004,487
4005,447
4006,482
4007,477
4008,442
4009,526
4010,505
4011,488
4012,473
4013,477
4014,510
4015,497
4016,498
4017,476
4018,456
4019,457
4020,508
4021,505
4022,517
4023,494
4024,476
4025,489
4026,451
4027,501
4028,504
4029,512
4030,489
4031,490
4032,475
4033,487
4034,493
4035,520
4036,480
4037,473
4038,503
4039,491
4040,488
4041,490
4042,470
4043,451
4044,474
4045,494
4046,467
4047,522
4048,473
4049,488
4050,499
4051,474
4052,508
4053,481
4054,476
4055,488
4056,498
4057,470
4058,489
4059,468
4060,486
4061,476
4062,464
4063,484
4064,496
4065,467
4066,483
4067,480
4068,475
4069,522
4070,510
4071,487
4072,498
4073,469
4074,468
4075,494
4076,474
4077,487
4078,520
4079,486
4080,474
4081,502
4082,493
4083,468
4084,465
4085,513
4086,486
4087,508
4088,473
4089,500
4090,527
4091,490
4092,450
4093,481
4094,468
4095,483
4096,492
4097,502
4098,482
4099,476
4100,478
4101,459
4102,499
4103,511
4104,522
4105,496
4106,445
4107,479
4108,468
4109,510
4110,449
4111,494
4112,476
4113,472
4114,515
4115,483
4116,461
4117,477
4118,433
4119,506
4120,485
4121,521
4122,498
4123,488
4124,471
4125,500
4126,467
4127,455
4128,472
4129,483
4130,476
4131,481
4132,485
4133,469
4134,526
4135,497
4136,460
4137,499
4138,501
4139,498
4140,494
4141,483
4142,423
4143,492
4144,521
4145,497
4146,515
4147,490
4148,457
4149,451
4150,503
4151,501
4152,485
4153,496
4154,465
4155,444
4156,473
4157,501
4158,502
4159,468
4160,493
4161,443
4162,471
4163,484
4164,465
4165,514
4166,468
4167,471
4168,451
4169,446
4170,464
4171,501
4172,464
4173,473
4174,485
4175,470
4176,448
4177,477
4178,492
4179,468
4180,523
4181,524
4182,503
4183,463
4184,502
4185,505
4186,533
4187,486
4188,494
4189,489
4190,482
4191,479
4192,474
4193,488
4194,476
4195,447
4196,502
4197,502
4198,502
4199,521
4200,506
4201,465
4202,465
4203,507
4204,484
4205,453
4206,484
4207,499
4208,494
4209,478
4210,473
4211,484
4212,514
4213,485
4214,466
4215,498
4216,475
4217,477
4218,474
4219,504
4220,510
4221,470
4222,506
4223,453
4224,488
4225,508
4226,482
4227,493
4228,466
4229,488
4230,460
4231,487
4232,496
4233,460
4234,509
4235,431
4236,496
4237,483
4238,509
4239,482
4240,484
4241,485
4242,488
4243,478
4244,501
4245,506
4246,498
4247,456
4248,497
4249,502
4250,505
4251,503
4252,454
4253,485
4254,518
4255,468
4256,467
4257,523
4258,475
4259,498
4260,503
4261,495
4262,463
4263,488
4264,512
4265,469
4266,434
4267,494
4268,494
4269,501
4270,468
4271,479
4272,484
4273,482
4274,533
4275,498
4276,468
4277,472
4278,482
4279,487
4280,468
4281,475
4282,454
4283,471
4284,466
4285,448
4286,469
4287,468
4288,516
4289,506
4290,470
4291,486
4292,501
4293,484
4294,508
4295,500
4296,496
4297,525
4298,505
4299,477
4300,440
4301,490
4302,458
4303,494
4304,462
4305,476
4306,485
4307,492
4308,489
4309,488
4310,485
4311,533
4312,497
4313,485
4314,480
4315,487
4316,453
4317,470
4318,500
4319,494
4320,489
4321,469
4322,476
4323,499
4324,474
4325,464
4326,501
4327,464
4328,501
4329,441
4330,499
4331,512
4332,454
4333,466
4334,480
4335,474
4336,484
4337,509
4338,495
4339,470
4340,499
4341,494
4342,491
4343,493
4344,461
4345,449
4346,477
4347,477
4348,496
4349,453
4350,492
4351,503
4352,515
4353,484
4354,462
4355,477
4356,463
4357,475
4358,446
4359,454
4360,469
4361,523
4362,484
4363,453
4364,469
4365,491
4366,518
4367,494
4368,485
4369,504
4370,465
4371,478
4372,458
4373,522
4374,464
4375,497
4376,471
4377,452
4378,466
4379,458
4380,484
4381,506
4382,492
4383,457
4384,480
4385,521
4386,454
4387,488
4388,463
4389,487
4390,505
4391,497
4392,468
4393,540
4394,492
4395,498
4396,483
4397,492
4398,484
4399,490
4400,489
4401,511
4402,512
4403,559
4404,480
4405,496
4406,493
4407,484
4408,512
4409,559
4410,476
4411,445
4412,506
4413,478
4414,492
4415,500
4416,515
4417,466
4418,524
4419,470
4420,492
4421,477
4422,474
4423,471
4424,494
4425,472
4426,514
4427,467
4428,519
4429,507
4430,513
4431,500
4432,477
4433,499
4434,480
4435,501
4436,492
4437,501
4438,495
4439,487
4440,523
4441,450
4442,449
4443,482
4444,471
4445,514
4446,469
4447,465
4448,489
4449,483
4450,469
4451,471
4452,530
4453,500
4454,469
4455,468
4456,481
4457,450
4458,486
4459,448
4460,461
4461,496
4462,498
4463,490
4464,466
4465,456
4466,469
4467,500
4468,470
4469,500
4470,456
4471,530
4472,476
4473,473
4474,470
4475,492
4476,482
4477,478
4478,471
4479,472
4480,494
4481,494
4482,480
4483,501
4484,435
4485,449
4486,470
4487,446
4488,516
4489,478
4490,468
4491,500
4492,464
4493,473
4494,493
4495,488
4496,453
4497,481
4498,498
4499,487
4500,483
4501,461
4502,461
4503,476
4504,514
4505,491
4506,487
4507,483
4508,485
4509,439
4510,511
4511,464
4512,488
4513,463
4514,498
4515,494
4516,438
4517,449
4518,486
4519,463
4520,487
4521,474
4522,461
4523,470
4524,471
4525,469
4526,467
4527,520
4528,457
4529,504
4530,461
4531,476
4532,463
4533,496
4534,486
4535,480
4536,489
4537,491
4538,522
4539,503
4540,499
4541,457
4542,495
4543,441
4544,544
4545,508
4546,466
4547,487
4548,483
4549,468
4550,484
4551,492
4552,487
4553,497
4554,530
4555,485
4556,493
4557,481
4558,491
4559,519
4560,518
4561,490
4562,487
4563,456
4564,502
4565,497
4566,465
4567,450
4568,481
4569,448
4570,458
4571,437
4572,476
4573,503
4574,500
4575,478
4576,508
4577,515
4578,470
4579,475
4580,459
4581,483
4582,460
4583,478
4584,526
4585,494
4586,490
4587,513
4588,478
4589,492
4590,502
4591,469
4592,447
4593,482
4594,485
4595,505
4596,507
4597,514
4598,472
4599,471
4600,473
4601,453
4602,487
4603,502
4604,470
4605,485
4606,498
4607,484
4608,456
4609,481
4610,485
4611,474
4612,503
4613,471
4614,494
4615,493
4616,478
4617,495
4618,456
4619,514
4620,466
4621,471
4622,484
4623,479
4624,471
4625,469
4626,453
4627,462
4628,478
4629,498
4630,480
4631,479
4632,518
4633,511
4634,483
4635,442
4636,483
4637,491
4638,464
4639,457
4640,479
4641,479
4642,453
4643,487
4644,482
4645,463
4646,476
4647,520
4648,478
4649,483
4650,471
4651,475
4652,504
4653,488
4654,513
4655,501
4656,512
4657,487
4658,467
4659,488
4660,504
4661,498
4662,488
4663,507
4664,423
4665,512
4666,492
4667,459
4668,470
4669,486
4670,458
4671,502
4672,532
4673,491
4674,475
4675,447
4676,478
4677,470
4678,474
4679,474
4680,457
4681,456
4682,506
4683,483
4684,508
4685,520
4686,491
4687,504
4688,450
4689,494
4690,517
4691,489
4692,544
4693,468
4694,455
4695,472
4696,494
4697,480
4698,509
4699,458
4700,489
4701,483
4702,456
4703,439
4704,512
4705,495
4706,494
4707,500
4708,489
4709,485
4710,506
4711,466
4712,507
4713,483
4714,487
4715,462
4716,445
4717,518
4718,456
4719,469
4720,503
4721,499
4722,520
4723,481
4724,473
4725,490
4726,530
4727,472
4728,483
4729,519
4730,480
4731,461
4732,472
4733,485
4734,485
4735,511
4736,450
4737,485
4738,488
4739,507
4740,455
4741,482
4742,454
4743,476
4744,513
4745,502
4746,490
4747,441
4748,503
4749,515
4750,516
4751,491
4752,471
4753,492
4754,501
4755,467
4756,501
4757,504
4758,443
4759,531
4760,525
4761,465
4762,459
4763,481
4764,475
4765,494
4766,491
4767,472
4768,481
4769,475
4770,456
4771,465
4772,445
4773,483
4774,494
4775,488
4776,489
4777,475
4778,472
4779,502
4780,481
4781,473
4782,488
4783,474
4784,499
4785,494
4786,553
4787,528
4788,474
4789,493
4790,478
4791,495
4792,524
4793,450
4794,491
4795,478
4796,449
4797,505
4798,501
4799,481
4800,522
4801,509
4802,448
4803,516
4804,509
4805,451
4806,520
4807,508
4808,477
4809,454
4810,469
4811,513
4812,485
4813,474
4814,505
4815,467
4816,505
4817,476
4818,489
4819,493
4820,499
4821,471
4822,492
4823,468
4824,482
4825,466
4826,479
4827,491
4828,482
4829,469
4830,474
4831,469
4832,467
4833,461
4834,444
4835,465
4836,481
4837,489
4838,497
4839,478
4840,460
4841,449
4842,470
4843,475
4844,508
4845,480
4846,470
4847,510
4848,513
4849,514
4850,480
4851,495
4852,477
4853,492
4854,476
4855,484
4856,490
4857,469
4858,456
4859,495
4860,448
4861,484
4862,476
4863,474
4864,478
4865,468
4866,478
4867,502
4868,531
4869,479
4870,436
4871,479
4872,475
4873,490
4874,523
4875,525
4876,483
4877,474
4878,512
4879,513
4880,492
4881,442
4882,510
4883,508
4884,467
4885,490
4886,464
4887,525
4888,471
4889,482
4890,466
4891,457
4892,479
4893,448
4894,453
4895,509
4896,478
4897,489
4898,493
4899,484
4900,454
4901,476
4902,525
4903,495
4904,517
4905,486
4906,437
4907,484
4908,479
4909,525
4910,458
4911,481
4912,512
4913,461
4914,486
4915,436
4916,472
4917,464
4918,518
4919,481
4920,494
4921,469
4922,487
4923,492
4924,464
4925,451
4926,503
4927,511
4928,454
4929,485
4930,464
4931,485
4932,484
4933,492
4934,504
4935,477
4936,466
4937,458
4938,497
4939,466
4940,497
4941,417
4942,469
4943,498
4944,505
4945,495
4946,486
4947,490
4948,490
4949,519
4950,456
4951,496
4952,494
4953,535
4954,507
4955,483
4956,454
4957,478
4958,479
4959,434
4960,468
4961,503
4962,536
4963,484
4964,531
4965,477
4966,507
4967,476
4968,479
4969,484
4970,444
4971,477
4972,519
4973,496
4974,480
4975,461
4976,478
4977,488
4978,486
4979,481
4980,494
4981,529
4982,445
4983,498
4984,516
4985,492
4986,482
4987,477
4988,497
4989,485
4990,469
4991,456
4992,468
4993,463
4994,458
4995,497
4996,484
4997,443
4998,496
4999,482
5000,461
5001,489
5002,495
5003,470
5004,448
5005,485
5006,456
5007,484
5008,506
5009,505
5010,453
5011,459
5012,483
5013,493
5014,482
5015,497
5016,464
5017,471
5018,480
5019,481
5020,463
5021,455
5022,505
5023,463
5024,442
5025,480
5026,492
5027,486
5028,470
5029,473
5030,449
5031,539
5032,469
5033,476
5034,515
5035,460
5036,514
5037,455
5038,502
5039,477
5040,457
5041,478
5042,438
5043,505
5044,464
5045,455
5046,486
5047,505
5048,442
5049,503
5050,466
5051,467
5052,481
5053,489
5054,470
5055,506
5056,481
5057,488
5058,510
5059,501
5060,503
5061,471
5062,485
5063,456
5064,515
5065,486
5066,514
5067,469
5068,469
5069,496
5070,476
5071,502
5072,518
5073,484
5074,469
5075,463
5076,483
5077,471
5078,508
5079,495
5080,503
5081,475
5082,461
5083,501
5084,506
5085,505
5086,538
5087,454
5088,489
5089,488
5090,472
5091,495
5092,508
5093,496
5094,489
5095,451
5096,435
5097,501
5098,507
5099,516
5100,509
5101,497
5102,486
5103,519
5104,467
5105,496
5106,464
5107,455
5108,529
5109,442
5110,468
5111,501
5112,495
5113,505
5114,497
5115,466
5116,488
5117,467
5118,522
5119,497
5120,480
5121,484
5122,497
5123,473
5124,479
5125,483
5126,466
5127,491
5128,501
5129,440
5130,505
5131,493
5132,516
5133,467
5134,484
5135,461
5136,527
5137,490
5138,467
5139,493
5140,508
5141,478
5142,485
5143,453
5144,479
5145,479
5146,480
5147,532
5148,447
5149,492
5150,474
5151,480
5152,477
5153,479
5154,472
5155,510
5156,485
5157,493
5158,480
5159,442
5160,511
5161,497
5162,568
5163,528
5164,476
5165,525
5166,460
5167,504
5168,497
5169,488
5170,501
5171,527
5172,469
5173,478
5174,505
5175,478
5176,512
5177,469
5178,489
5179,462
5180,464
5181,455
5182,494
5183,521
5184,473
5185,498
5186,487
5187,510
5188,498
5189,461
5190,469
5191,469
5192,480
5193,511
5194,494
5195,479
5196,483
5197,511
5198,490
5199,454
5200,499
5201,496
5202,514
5203,491
5204,461
5205,504
5206,507
5207,465
5208,496
5209,469
5210,502
5211,456
5212,453
5213,505
5214,489
5215,483
5216,508
5217,502
5218,446
5219,468
5220,472
5221,464
5222,474
5223,466
5224,437
5225,481
5226,459
5227,476
5228,465
5229,433
5230,491
5231,487
5232,478
5233,474
5234,493
5235,487
5236,534
5237,471
5238,477
5239,480
5240,458
5241,484
5242,489
5243,473
5244,493
5245,513
5246,455
5247,482
5248,491
5249,518
5250,454
5251,497
5252,480
5253,486
5254,488
5255,468
5256,444
5257,485
5258,470
5259,450
5260,491
5261,458
5262,457
5263,478
5264,530
5265,481
5266,536
5267,483
5268,538
5269,470
5270,501
5271,521
5272,462
5273,494
5274,475
5275,501
5276,498
5277,501
5278,480
5279,498
5280,504
5281,494
5282,476
5283,507
5284,476
5285,479
5286,529
5287,483
5288,485
5289,462
5290,425
5291,490
5292,452
5293,495
5294,473
5295,467
5296,467
5297,523
5298,446
5299,455
5300,478
5301,483
5302,485
5303,473
5304,491
5305,465
5306,505
5307,481
5308,489
5309,495
5310,500
5311,445
5312,515
5313,452
5314,478
5315,512
5316,481
5317,462
5318,518
5319,506
5320,513
5321,465
5322,474
5323,501
5324,499
5325,475
5326,470
5327,528
5328,474
5329,480
5330,487
5331,495
5332,475
5333,489
5334,481
5335,482
5336,454
5337,498
5338,465
5339,500
5340,501
5341,488
5342,453
5343,458
5344,482
5345,451
5346,517
5347,527
5348,495
5349,473
5350,497
5351,482
5352,485
5353,512
5354,493
5355,492
5356,478
5357,491
5358,465
5359,491
5360,476
5361,459
5362,542
5363,506
5364,480
5365,500
5366,479
5367,491
5368,462
5369,483
5370,454
5371,519
5372,489
5373,475
5374,490
5375,467
5376,474
5377,524
5378,508
5379,486
5380,494
5381,456
5382,516
5383,463
5384,452
5385,485
5386,541
5387,493
5388,514
5389,479
5390,504
5391,512
5392,465
5393,476
5394,489
5395,454
5396,487
5397,505
5398,467
5399,490
5400,483
5401,501
5402,493
5403,500
5404,500
5405,482
5406,493
5407,456
5408,521
5409,530
5410,502
5411,486
5412,435
5413,455
5414,470
5415,486
5416,505
5417,444
5418,491
5419,510
5420,519
5421,457
5422,488
5423,482
5424,472
5425,500
5426,471
5427,493
5428,465
5429,455
5430,502
5431,467
5432,478
5433,479
5434,498
5435,479
5436,470
5437,453
5438,523
5439,453
5440,503
5441,471
5442,471
5443,455
5444,485
5445,500
5446,459
5447,497
5448,477
5449,469
5450,460
5451,480
5452,486
5453,473
5454,465
5455,510
5456,496
5457,478
5458,519
5459,478
5460,510
5461,483
5462,456
5463,514
5464,449
5465,464
5466,465
5467,488
5468,477
5469,485
5470,474
5471,461
5472,509
5473,491
5474,478
5475,486
5476,461
5477,484
5478,478
5479,457
5480,468
5481,498
5482,486
5483,458
5484,507
5485,475
5486,478
5487,469
5488,467
5489,489
5490,484
5491,469
5492,475
5493,488
5494,461
5495,470
5496,491
5497,483
5498,498
5499,502
5500,506
5501,506
5502,502
5503,474
5504,465
5505,442
5506,510
5507,473
5508,466
5509,505
5510,443
5511,497
5512,479
5513,460
5514,523
5515,444
5516,487
5517,469
5518,516
5519,462
5520,494
5521,468
5522,481
5523,469
5524,490
5525,533
5526,459
5527,491
5528,491
5529,474
5530,468
5531,492
5532,475
5533,468
5534,492
5535,475
5536,493
5537,443
5538,484
5539,472
5540,484
5541,480
5542,458
5543,473
5544,520
5545,514
5546,458
5547,489
5548,497
5549,536
5550,458
5551,520
5552,486
5553,446
5554,534
5555,486
5556,481
5557,485
5558,506
5559,467
5560,520
5561,492
5562,458
5563,448
5564,483
5565,495
5566,506
5567,492
5568,505
5569,493
5570,454
5571,497
5572,474
5573,489
5574,478
5575,526
5576,487
5577,508
5578,490
5579,467
5580,486
5581,484
5582,515
5583,474
5584,503
5585,474
5586,486
5587,496
5588,522
5589,467
5590,495
5591,498
5592,460
5593,487
5594,498
5595,476
5596,467
5597,463
5598,456
5599,478
5600,457
5601,497
5602,479
5603,464
5604,508
5605,475
5606,476
5607,521
5608,461
5609,482
5610,458
5611,471
5612,463
5613,446
5614,447
5615,481
5616,497
5617,482
5618,491
5619,519
5620,454
5621,439
5622,472
5623,489
5624,480
5625,467
5626,478
5627,497
5628,477
5629,483
5630,462
5631,449
5632,483
5633,485
5634,490
5635,500
5636,454
5637,499
5638,500
5639,464
5640,500
5641,469
5642,492
5643,451
5644,512
5645,491
5646,474
5647,521
5648,467
5649,509
5650,522
5651,475
5652,485
5653,457
5654,527
5655,493
5656,512
5657,519
5658,452
5659,476
5660,479
5661,442
5662,473
5663,449
5664,478
5665,490
5666,482
5667,465
5668,455
5669,525
5670,454
5671,475
5672,488
5673,479
5674,493
5675,470
5676,461
5677,466
5678,473
5679,512
5680,491
5681,531
5682,481
5683,483
5684,490
5685,466
5686,483
5687,497
5688,449
5689,465
5690,497
5691,514
5692,470
5693,521
5694,488
5695,470
5696,419
5697,466
5698,505
5699,500
5700,478
5701,520
5702,491
5703,475
5704,481
5705,482
5706,446
5707,515
5708,442
5709,480
5710,438
5711,507
5712,509
5713,437
5714,454
5715,463
5716,445
5717,470
5718,471
5719,503
5720,501
5721,498
5722,463
5723,527
5724,507
5725,470
5726,492
5727,472
5728,457
5729,489
5730,495
5731,527
5732,467
5733,463
5734,505
5735,454
5736,454
5737,487
5738,470
5739,490
5740,479
5741,487
5742,482
5743,466
5744,466
5745,476
5746,513
5747,508
5748,482
5749,482
5750,433
5751,487
5752,497
5753,480
5754,479
5755,490
5756,492
5757,505
5758,487
5759,492
5760,471
5761,478
5762,478
5763,489
5764,477
5765,503
5766,449
5767,486
5768,492
5769,478
5770,509
5771,507
5772,505
5773,506
5774,460
5775,477
5776,477
5777,495
5778,477
5779,478
5780,510
5781,446
5782,473
5783,520
5784,512
5785,421
5786,512
5787,505
5788,525
5789,474
5790,487
5791,505
5792,485
5793,467
5794,443
5795,501
5796,448
5797,494
5798,472
5799,508
5800,467
5801,500
5802,442
5803,478
5804,458
5805,499
5806,465
5807,490
5808,477
5809,540
5810,496
5811,472
5812,509
5813,486
5814,495
5815,478
5816,531
5817,507
5818,509
5819,481
5820,487
5821,476
5822,464
5823,469
5824,525
5825,487
5826,512
5827,501
5828,486
5829,464
5830,475
5831,508
5832,467
5833,478
5834,475
5835,467
5836,506
5837,467
5838,428
5839,465
5840,479
5841,506
5842,470
5843,467
5844,471
5845,472
5846,482
5847,514
5848,477
5849,468
5850,466
5851,503
5852,495
5853,499
5854,487
5855,470
5856,461
5857,504
5858,487
5859,448
5860,485
5861,496
5862,491
5863,510
5864,493
5865,493
5866,469
5867,485
5868,505
5869,512
5870,482
5871,473
5872,479
5873,496
5874,478
5875,485
5876,494
5877,504
5878,447
5879,496
5880,493
5881,478
5882,473
5883,491
5884,483
5885,473
5886,488
5887,504
5888,503
5889,467
5890,475
5891,487
5892,486
5893,464
5894,498
5895,493
5896,467
5897,491
5898,511
5899,479
5900,474
5901,463
5902,490
5903,486
5904,475
5905,477
5906,479
5907,452
5908,478
5909,481
5910,496
5911,483
5912,483
5913,478
5914,494
5915,460
5916,511
5917,467
5918,492
5919,462
5920,495
5921,505
5922,486
5923,517
5924,483
5925,465
5926,528
5927,478
5928,507
5929,477
5930,482
5931,492
5932,473
5933,477
5934,478
5935,458
5936,506
5937,479
5938,471
5939,538
5940,480
5941,453
5942,464
5943,488
5944,486
5945,477
5946,462
5947,503
5948,498
5949,528
5950,477
5951,469
5952,463
5953,474
5954,445
5955,460
5956,474
5957,482
5958,483
5959,457
5960,480
5961,519
5962,498
5963,478
5964,483
5965,476
5966,487
5967,467
5968,479
5969,503
5970,490
5971,495
5972,482
5973,465
5974,463
5975,473
5976,477
5977,494
5978,461
5979,476
5980,490
5981,482
5982,436
5983,486
5984,473
5985,472
5986,446
5987,493
5988,509
5989,521
5990,483
5991,503
5992,505
5993,478
5994,465
5995,463
5996,458
5997,505
5998,494
5999,494
6000,484
6001,441
6002,470
6003,499
6004,501
6005,450
6006,450
6007,509
6008,484
6009,478
6010,482
6011,484
6012,486
6013,462
6014,472
6015,472
6016,480
6017,471
6018,495
6019,517
6020,523
6021,439
6022,464
6023,463
6024,465
6025,486
6026,470
6027,494
6028,504
6029,496
6030,496
6031,494
6032,528
6033,490
6034,499
6035,471
6036,507
6037,510
6038,504
6039,451
6040,476
6041,466
6042,483
6043,478
6044,482
6045,467
6046,496
6047,487
6048,465
6049,493
6050,505
6051,452
6052,487
6053,474
6054,450
6055,449
6056,491
6057,475
6058,460
6059,463
6060,490
6061,502
6062,502
6063,452
6064,482
6065,457
6066,440
6067,475
6068,450
6069,503
6070,504
6071,536
6072,508
6073,463
6074,472
6075,470
6076,463
6077,470
6078,440
6079,485
6080,497
6081,478
6082,491
6083,531
6084,458
6085,523
6086,515
6087,465
6088,501
6089,466
6090,481
6091,519
6092,476
6093,483
6094,486
6095,494
6096,461
6097,475
6098,487
6099,534
6100,493
6101,519
6102,481
6103,465
6104,496
6105,504
6106,443
6107,440
6108,513
6109,503
6110,478
6111,495
6112,503
6113,482
6114,470
6115,472
6116,509
6117,453
6118,457
6119,465
6120,499
6121,465
6122,494
6123,515
6124,461
6125,495
6126,467
6127,462
6128,503
6129,527
6130,474
6131,465
6132,505
6133,502
6134,477
6135,492
6136,490
6137,457
6138,452
6139,525
6140,495
6141,465
6142,495
6143,453
6144,455
6145,515
6146,463
6147,471
6148,499
6149,494
6150,525
6151,518
6152,482
6153,509
6154,478
6155,516
6156,499
6157,499
6158,476
6159,479
6160,490
6161,495
6162,476
6163,512
6164,488
6165,490
6166,477
6167,485
6168,494
6169,467
6170,509
6171,480
6172,473
6173,491
6174,488
6175,472
6176,458
6177,482
6178,511
6179,518
6180,491
6181,483
6182,475
6183,482
6184,489
6185,488
6186,500
6187,449
6188,451
6189,465
6190,474
6191,460
6192,472
6193,500
6194,480
6195,478
6196,455
6197,465
6198,487
6199,477
6200,497
6201,490
6202,474
6203,474
6204,493
6205,503
6206,445
6207,496
6208,471
6209,462
6210,488
6211,477
6212,450
6213,505
6214,468
6215,464
6216,481
6217,493
6218,484
6219,478
6220,522
6221,496
6222,505
6223,449
6224,479
6225,466
6226,454
6227,456
6228,482
6229,486
6230,494
6231,467
6232,463
6233,496
6234,490
6235,534
6236,484
6237,480
6238,504
6239,492
6240,451
6241,484
6242,469
6243,471
6244,499
6245,511
6246,528
6247,470
6248,470
6249,498
6250,531
6251,500
6252,459
6253,467
6254,447
6255,475
6256,508
6257,516
6258,501
6259,538
6260,460
6261,475
6262,475
6263,508
6264,440
6265,500
6266,446
6267,478
6268,488
6269,461
6270,507
6271,494
6272,481
6273,465
6274,465
6275,457
6276,490
6277,498
6278,478
6279,497
6280,457
6281,479
6282,494
6283,486
6284,473
6285,515
6286,486
6287,463
6288,478
6289,501
6290,476
6291,457
6292,413
6293,517
6294,460
6295,486
6296,494
6297,491
6298,459
6299,512
6300,498
6301,515
6302,514
6303,495
6304,485
6305,499
6306,519
6307,474
6308,466
6309,476
6310,490
6311,519
6312,461
6313,472
6314,485
6315,492
6316,487
6317,484
6318,507
6319,511
6320,497
6321,518
6322,473
6323,441
6324,474
6325,469
6326,491
6327,472
6328,466
6329,463
6330,501
6331,496
6332,523
6333,511
6334,470
6335,502
6336,476
6337,468
6338,497
6339,503
6340,477
6341,483
6342,506
6343,472
6344,509
6345,465
6346,513
6347,501
6348,490
6349,492
6350,483
6351,455
6352,467
6353,514
6354,489
6355,533
6356,505
6357,449
6358,476
6359,456
6360,472
6361,484
6362,466
6363,477
6364,509
6365,520
6366,476
6367,462
6368,458
6369,487
6370,488
6371,493
6372,474
6373,486
6374,473
6375,466
6376,478
6377,459
6378,490
6379,488
6380,480
6381,501
6382,506
6383,457
6384,475
6385,523
6386,472
6387,500
6388,466
6389,490
6390,468
6391,514
6392,500
6393,501
6394,472
6395,451
6396,459
6397,500
6398,503
6399,464
6400,523
6401,488
6402,485
6403,495
6404,488
6405,492
6406,500
6407,529
6408,507
6409,504
6410,511
6411,519
6412,459
6413,466
6414,444
6415,471
6416,491
6417,470
6418,470
6419,484
6420,461
6421,501
6422,501
6423,492
6424,488
6425,476
6426,500
6427,429
6428,491
6429,498
6430,495
6431,504
6432,499
6433,480
6434,532
6435,480
6436,461
6437,480
6438,507
6439,504
6440,491
6441,475
6442,492
6443,486
6444,477
6445,465
6446,502
6447,488
6448,451
6449,481
6450,472
6451,480
6452,498
6453,482
6454,454
6455,475
6456,494
6457,543
6458,472
6459,481
6460,459
6461,447
6462,454
6463,469
6464,490
6465,487
6466,464
6467,493
6468,514
6469,506
6470,435
6471,499
6472,468
6473,470
6474,486
6475,470
6476,486
6477,490
6478,480
6479,487
6480,487
6481,473
6482,500
6483,488
6484,482
6485,505
6486,510
6487,483
6488,478
6489,485
6490,475
6491,474
6492,511
6493,467
6494,462
6495,455
6496,490
6497,464
6498,520
6499,498
6500,433
6501,470
6502,480
6503,492
6504,499
6505,476
6506,490
6507,469
6508,454
6509,469
6510,469
6511,435
6512,518
6513,504
6514,462
6515,496
6516,501
6517,477
6518,515
6519,480
6520,500
6521,524
6522,460
6523,480
6524,459
6525,481
6526,500
6527,478
6528,484
6529,447
6530,511
6531,480
6532,463
6533,467
6534,498
6535,486
6536,484
6537,483
6538,499
6539,499
6540,511
6541,496
6542,508
6543,457
6544,497
6545,462
6546,480
6547,471
6548,477
6549,491
6550,486
6551,492
6552,509
6553,524
6554,492
6555,478
6556,478
6557,473
6558,485
6559,468
6560,497
6561,489
6562,488
6563,449
6564,489
6565,499
6566,493
6567,484
6568,480
6569,483
6570,529
6571,473
6572,510
6573,448
6574,499
6575,466
6576,528
6577,490
6578,488
6579,521
6580,462
6581,472
6582,484
6583,455
6584,509
6585,464
6586,472
6587,494
6588,463
6589,470
6590,495
6591,498
6592,503
6593,509
6594,466
6595,486
6596,473
6597,465
6598,529
6599,478
6600,489
6601,492
6602,514
6603,469
6604,516
6605,461
6606,497
6607,498
6608,490
6609,474
6610,462
6611,484
6612,536
6613,472
6614,518
6615,503
6616,494
6617,522
6618,478
6619,495
6620,489
6621,465
6622,456
6623,525
6624,505
6625,487
6626,515
6627,478
6628,447
6629,491
6630,485
6631,481
6632,487
6633,533
6634,475
6635,476
6636,477
6637,483
6638,475
6639,497
6640,470
6641,491
6642,521
6643,460
6644,496
6645,489
6646,469
6647,509
6648,484
6649,478
6650,441
6651,428
6652,476
6653,498
6654,499
6655,460
6656,469
6657,468
6658,494
6659,499
6660,470
6661,516
6662,466
6663,477
6664,531
6665,476
6666,471
6667,481
6668,487
6669,521
6670,487
6671,489
6672,431
6673,475
6674,501
6675,498
6676,507
6677,498
6678,477
6679,466
6680,441
6681,483
6682,463
6683,508
6684,482
6685,482
6686,511
6687,469
6688,468
6689,537
6690,473
6691,499
6692,518
6693,498
6694,507
6695,498
6696,500
6697,453
6698,454
6699,492
6700,484
6701,496
6702,503
6703,467
6704,491
6705,459
6706,467
6707,442
6708,512
6709,451
6710,508
6711,495
6712,489
6713,446
6714,470
6715,443
6716,484
6717,488
6718,469
6719,478
6720,453
6721,476
6722,447
6723,481
6724,440
6725,506
6726,463
6727,480
6728,486
6729,469
6730,496
6731,471
6732,485
6733,523
6734,456
6735,466
6736,472
6737,488
6738,530
6739,482
6740,514
6741,492
6742,470
6743,478
6744,488
6745,496
6746,512
6747,474
6748,483
6749,478
6750,450
6751,494
6752,432
6753,497
6754,503
6755,560
6756,482
6757,467
6758,487
6759,447
6760,503
6761,458
6762,481
6763,488
6764,508
6765,549
6766,474
6767,485
6768,486
6769,470
6770,479
6771,501
6772,465
6773,469
6774,499
6775,530
6776,510
6777,460
6778,458
6779,471
6780,487
6781,492
6782,532
6783,478
6784,476
6785,471
6786,470
6787,499
6788,513
6789,481
6790,486
6791,465
6792,476
6793,439
6794,499
6795,506
6796,503
6797,516
6798,489
6799,512
6800,448
6801,487
6802,505
6803,464
6804,463
6805,489
6806,474
6807,456
6808,468
6809,497
6810,486
6811,475
6812,489
6813,482
6814,479
6815,458
6816,477
6817,489
6818,517
6819,488
6820,507
6821,512
6822,515
6823,507
6824,497
6825,492
6826,492
6827,451
6828,482
6829,492
6830,492
6831,498
6832,473
6833,475
6834,479
6835,488
6836,503
6837,442
6838,462
6839,483
6840,442
6841,452
6842,509
6843,466
6844,488
6845,506
6846,459
6847,470
6848,497
6849,480
6850,541
6851,480
6852,483
6853,503
6854,498
6855,487
6856,501
6857,518
6858,505
6859,500
6860,519
6861,456
6862,481
6863,452
6864,465
6865,505
6866,453
6867,469
6868,507
6869,522
6870,486
6871,473
6872,520
6873,508
6874,498
6875,487
6876,486
6877,489
6878,481
6879,470
6880,506
6881,478
6882,483
6883,508
6884,494
6885,454
6886,500
6887,465
6888,495
6889,518
6890,501
6891,464
6892,472
6893,503
6894,490
6895,511
6896,505
6897,480
6898,437
6899,534
6900,471
6901,486
6902,501
6903,470
6904,493
6905,537
6906,473
6907,448
6908,473
6909,499
6910,474
6911,484
6912,471
6913,480
6914,430
6915,490
6916,429
6917,469
6918,482
6919,436
6920,458
6921,438
6922,465
6923,501
6924,476
6925,461
6926,480
6927,472
6928,471
6929,504
6930,484
6931,467
6932,506
6933,475
6934,460
6935,496
6936,464
6937,449
6938,489
6939,458
6940,505
6941,456
6942,462
6943,505
6944,455
6945,493
6946,457
6947,478
6948,468
6949,462
6950,473
6951,460
6952,476
6953,507
6954,452
6955,512
6956,512
6957,474
6958,502
6959,490
6960,475
6961,478
6962,497
6963,496
6964,475
6965,485
6966,479
6967,488
6968,467
6969,473
6970,479
6971,502
6972,466
6973,491
6974,482
6975,479
6976,484
6977,454
6978,467
6979,437
6980,479
6981,497
6982,487
6983,488
6984,491
6985,490
6986,478
6987,461
6988,483
6989,488
6990,478
6991,453
6992,469
6993,477
6994,467
6995,518
6996,501
6997,503
6998,489
6999,503
7000,477
7001,477
7002,474
7003,500
7004,504
7005,502
7006,475
7007,504
7008,451
7009,514
7010,477
7011,500
7012,502
7013,493
7014,469
7015,509
7016,525
7017,508
7018,440
7019,469
7020,471
7021,501
7022,470
7023,525
7024,467
7025,498
7026,478
7027,487
7028,493
7029,502
7030,519
7031,461
7032,436
7033,475
7034,479
7035,494
7036,486
7037,478
7038,470
7039,479
7040,462
7041,477
7042,506
7043,511
7044,497
7045,500
7046,473
7047,459
7048,491
7049,488
7050,484
7051,504
7052,499
7053,490
7054,459
7055,489
7056,511
7057,509
7058,485
7059,453
7060,481
7061,467
7062,503
7063,462
7064,490
7065,505
7066,490
7067,518
7068,512
7069,491
7070,491
7071,464
7072,475
7073,453
7074,443
7075,478
7076,473
7077,514
7078,485
7079,490
7080,495
7081,521
7082,501
7083,476
7084,477
7085,468
7086,497
7087,486
7088,491
7089,523
7090,486
7091,466
7092,465
7093,532
7094,497
7095,459
7096,480
7097,492
7098,505
7099,523
7100,532
7101,472
7102,487
7103,500
7104,527
7105,509
7106,448
7107,487
7108,473
7109,507
7110,477
7111,478
7112,490
7113,496
7114,485
7115,493
7116,443
7117,483
7118,483
7119,442
7120,485
7121,500
7122,481
7123,477
7124,497
7125,449
7126,456
7127,501
7128,487
7129,513
7130,460
7131,467
7132,486
7133,446
7134,459
7135,513
7136,482
7137,486
7138,500
7139,473
7140,503
7141,488
7142,461
7143,479
7144,475
7145,474
7146,443
7147,483
7148,470
7149,504
7150,480
7151,453
7152,500
7153,461
7154,463
7155,476
7156,478
7157,489
7158,510
7159,457
7160,463
7161,478
7162,493
7163,490
7164,473
7165,469
7166,508
7167,456
7168,482
7169,446
7170,484
7171,476
7172,475
7173,477
7174,507
7175,463
7176,514
7177,515
7178,505
7179,475
7180,523
7181,523
7182,466
7183,500
7184,537
7185,515
7186,495
7187,462
7188,472
7189,474
7190,523
7191,509
7192,464
7193,509
7194,488
7195,477
7196,471
7197,496
7198,498
7199,495
7200,479
7201,489
7202,494
7203,450
7204,501
7205,513
7206,496
7207,514
7208,459
7209,484
7210,511
7211,441
7212,511
7213,501
7214,508
7215,519
7216,482
7217,508
7218,455
7219,493
7220,484
7221,488
7222,492
7223,461
7224,492
7225,469
7226,489
7227,497
7228,461
7229,500
7230,479
7231,463
7232,504
7233,476
7234,489
7235,470
7236,472
7237,514
7238,508
7239,510
7240,487
7241,495
7242,480
7243,466
7244,514
7245,493
7246,556
7247,499
7248,463
7249,484
7250,467
7251,455
7252,502
7253,431
7254,474
7255,485
7256,481
7257,481
7258,518
7259,516
7260,488
7261,484
7262,478
7263,485
7264,466
7265,518
7266,512
7267,504
7268,463
7269,498
7270,465
7271,468
7272,467
7273,453
7274,476
7275,476
7276,440
7277,501
7278,462
7279,497
7280,444
7281,476
7282,467
7283,510
7284,493
7285,471
7286,528
7287,520
7288,483
7289,500
7290,522
7291,465
7292,506
7293,480
7294,443
7295,502
7296,458
7297,504
7298,489
7299,480
7300,481
7301,491
7302,526
7303,502
7304,488
7305,491
7306,515
7307,481
7308,483
7309,477
7310,473
7311,491
7312,488
7313,462
7314,484
7315,478
7316,475
7317,506
7318,443
7319,485
7320,493
7321,468
7322,470
7323,458
7324,475
7325,531
7326,464
7327,486
7328,460
7329,527
7330,529
7331,503
7332,512
7333,436
7334,525
7335,449
7336,446
7337,503
7338,491
7339,472
7340,504
7341,498
7342,540
7343,479
7344,474
7345,484
7346,478
7347,472
7348,458
7349,472
7350,475
7351,501
7352,492
7353,499
7354,495
7355,474
7356,507
7357,502
7358,485
7359,500
7360,473
7361,535
7362,491
7363,499
7364,474
7365,507
7366,514
7367,539
7368,453
7369,494
7370,481
7371,478
7372,464
7373,490
7374,493
7375,518
7376,485
7377,463
7378,469
7379,472
7380,489
7381,513
7382,546
7383,483
7384,493
7385,473
7386,488
7387,515
7388,454
7389,494
7390,523
7391,484
7392,447
7393,499
7394,484
7395,463
7396,476
7397,516
7398,485
7399,497
7400,460
7401,503
7402,462
7403,456
7404,458
7405,486
7406,465
7407,481
7408,462
7409,496
7410,461
7411,514
7412,520
7413,500
7414,486
7415,491
7416,461
7417,490
7418,476
7419,513
7420,491
7421,467
7422,459
7423,455
7424,509
7425,491
7426,529
7427,493
7428,483
7429,466
7430,475
7431,428
7432,499
7433,487
7434,491
7435,473
7436,505
7437,479
7438,518
7439,442
7440,483
7441,471
7442,441
7443,507
7444,469
7445,482
7446,498
7447,479
7448,448
7449,464
7450,489
7451,498
7452,497
7453,490
7454,492
7455,468
7456,470
7457,499
7458,496
7459,468
7460,510
7461,524
7462,486
7463,476
7464,495
7465,499
7466,452
7467,487
7468,496
7469,518
7470,516
7471,454
7472,535
7473,517
7474,514
7475,496
7476,502
7477,480
7478,521
7479,528
7480,452
7481,480
7482,455
7483,505
7484,475
7485,485
7486,513
7487,489
7488,475
7489,514
7490,469
7491,465
7492,503
7493,545
7494,510
7495,471
7496,494
7497,526
7498,437
7499,492
7500,482
7501,467
7502,508
7503,477
7504,459
7505,440
7506,494
7507,505
7508,460
7509,508
7510,465
7511,489
7512,471
7513,490
7514,459
7515,504
7516,475
7517,504
7518,513
7519,457
7520,474
7521,493
7522,479
7523,456
7524,471
7525,493
7526,518
7527,477
7528,504
7529,500
7530,503
7531,497
7532,487
7533,479
7534,520
7535,481
7536,464
7537,501
7538,459
7539,469
7540,487
7541,511
7542,513
7543,467
7544,501
7545,441
7546,459
7547,481
7548,497
7549,496
7550,494
7551,475
7552,506
7553,507
7554,470
7555,483
7556,475
7557,523
7558,485
7559,480
7560,481
7561,485
7562,500
7563,491
7564,499
7565,504
7566,475
7567,453
7568,486
7569,521
7570,456
7571,483
7572,501
7573,499
7574,475
7575,468
7576,499
7577,494
7578,440
7579,479
7580,499
7581,469
7582,463
7583,512
7584,502
7585,482
7586,493
7587,520
7588,471
7589,486
7590,513
7591,468
7592,479
7593,493
7594,500
7595,443
7596,509
7597,480
7598,516
7599,498
7600,453
7601,473
7602,479
7603,515
7604,522
7605,503
7606,482
7607,478
7608,450
7609,473
7610,484
7611,496
7612,492
7613,453
7614,462
7615,451
7616,491
7617,495
7618,470
7619,485
7620,454
7621,490
7622,487
7623,445
7624,497
7625,481
7626,481
7627,511
7628,469
7629,527
7630,495
7631,523
7632,499
7633,524
7634,519
7635,494
7636,496
7637,489
7638,461
7639,460
7640,487
7641,497
7642,525
7643,486
7644,459
7645,480
7646,524
7647,482
7648,474
7649,477
7650,466
7651,538
7652,481
7653,490
7654,482
7655,477
7656,475
7657,458
7658,480
7659,495
7660,521
7661,460
7662,496
7663,508
7664,482
7665,446
7666,476
7667,469
7668,450
7669,460
7670,514
7671,459
7672,466
7673,488
7674,440
7675,483
7676,494
7677,516
7678,460
7679,478
7680,477
7681,470
7682,508
7683,495
7684,510
7685,466
7686,460
7687,498
7688,504
7689,483
7690,490
7691,506
7692,488
7693,468
7694,470
7695,475
7696,452
7697,478
7698,463
7699,436
7700,470
7701,511
7702,495
7703,496
7704,479
7705,466
7706,495
7707,513
7708,496
7709,485
7710,504
7711,474
7712,494
7713,479
7714,470
7715,473
7716,458
7717,481
7718,476
7719,468
7720,505
7721,493
7722,517
7723,471
7724,446
7725,466
7726,453
7727,467
7728,487
7729,492
7730,467
7731,491
7732,481
7733,445
7734,442
7735,457
7736,476
7737,487
7738,518
7739,493
7740,483
7741,480
7742,432
7743,491
7744,434
7745,492
7746,458
7747,491
7748,477
7749,437
7750,503
7751,456
7752,480
7753,479
7754,500
7755,511
7756,496
7757,505
7758,507
7759,468
7760,489
7761,515
7762,486
7763,455
7764,504
7765,494
7766,458
7767,480
7768,462
7769,462
7770,460
7771,521
7772,490
7773,458
7774,460
7775,454
7776,505
7777,488
7778,470
7779,490
7780,525
7781,489
7782,519
7783,450
7784,505
7785,492
7786,484
7787,473
7788,511
7789,460
7790,504
7791,496
7792,469
7793,476
7794,476
7795,516
7796,510
7797,493
7798,473
7799,488
7800,527
7801,514
7802,496
7803,484
7804,485
7805,484
7806,485
7807,465
7808,501
7809,506
7810,537
7811,482
7812,517
7813,460
7814,474
7815,516
7816,443
7817,476
7818,507
7819,494
7820,473
7821,487
7822,528
7823,465
7824,488
7825,484
7826,533
7827,479
7828,490
7829,455
7830,494
7831,481
7832,505
7833,544
7834,467
7835,485
7836,491
7837,483
7838,469
7839,487
7840,474
7841,530
7842,508
7843,491
7844,486
7845,519
7846,495
7847,448
7848,466
7849,533
7850,524
7851,486
7852,470
7853,484
7854,505
7855,497
7856,493
7857,479
7858,457
7859,480
7860,470
7861,505
7862,509
7863,476
7864,460
7865,470
7866,478
7867,522
7868,470
7869,482
7870,454
7871,492
7872,529
7873,516
7874,488
7875,493
7876,468
7877,470
7878,504
7879,496
7880,465
7881,473
7882,480
7883,464
7884,473
7885,500
7886,548
7887,512
7888,500
7889,509
7890,519
7891,477
7892,510
7893,491
7894,461
7895,480
7896,486
7897,465
7898,462
7899,483
7900,493
7901,492
7902,490
7903,461
7904,500
7905,479
7906,491
7907,489
7908,523
7909,465
7910,505
7911,489
7912,492
7913,475
7914,503
7915,508
7916,491
7917,485
7918,475
7919,465
7920,452
7921,514
7922,485
7923,497
7924,499
7925,486
7926,515
7927,504
7928,462
7929,476
7930,489
7931,481
7932,454
7933,471
7934,481
7935,462
7936,491
7937,471
7938,475
7939,460
7940,460
7941,474
7942,503
7943,433
7944,498
7945,454
7946,540
7947,452
7948,470
7949,485
7950,467
7951,504
7952,491
7953,502
7954,488
7955,467
7956,458
7957,469
7958,475
7959,500
7960,511
7961,440
7962,466
7963,476
7964,484
7965,479
7966,438
7967,498
7968,486
7969,427
7970,474
7971,466
7972,448
7973,472
7974,528
7975,482
7976,493
7977,510
7978,462
7979,489
7980,495
7981,508
7982,505
7983,483
7984,492
7985,481
7986,498
7987,501
7988,501
7989,529
7990,511
7991,472
7992,488
7993,520
7994,546
7995,483
7996,502
7997,484
7998,507
7999,459
8000,481
8001,507
8002,477
8003,469
8004,500
8005,536
8006,488
8007,495
8008,478
8009,468
8010,449
8011,515
8012,482
8013,507
8014,505
8015,480
8016,504
8017,495
8018,460
8019,434
8020,497
8021,484
8022,468
8023,462
8024,506
8025,514
8026,465
8027,484
8028,499
8029,464
8030,475
8031,464
8032,538
8033,493
8034,497
8035,470
8036,479
8037,471
8038,454
8039,507
8040,466
8041,472
8042,466
8043,482
8044,489
8045,468
8046,501
8047,458
8048,485
8049,487
8050,501
8051,474
8052,499
8053,483
8054,486
8055,465
8056,508
8057,482
8058,463
8059,455
8060,493
8061,488
8062,479
8063,486
8064,502
8065,497
8066,509
8067,499
8068,486
8069,458
8070,503
8071,507
8072,487
8073,506
8074,509
8075,505
8076,489
8077,449
8078,501
8079,480
8080,490
8081,488
8082,469
8083,493
8084,504
8085,472
8086,485
8087,516
8088,500
8089,500
8090,472
8091,496
8092,482
8093,489
8094,499
8095,462
8096,525
8097,518
8098,498
8099,486
8100,502
8101,495
8102,478
8103,498
8104,488
8105,490
8106,496
8107,490
8108,462
8109,461
8110,481
8111,475
8112,466
8113,469
8114,514
8115,527
8116,477
8117,486
8118,495
8119,484
8120,497
8121,487
8122,484
8123,450
8124,471
8125,465
8126,485
8127,507
8128,473
8129,468
8130,477
8131,464
8132,504
8133,484
8134,500
8135,466
8136,494
8137,494
8138,448
8139,450
8140,480
8141,486
8142,451
8143,506
8144,473
8145,468
8146,486
8147,494
8148,474
8149,486
8150,457
8151,479
8152,531
8153,466
8154,479
8155,468
8156,486
8157,470
8158,448
8159,521
8160,474
8161,462
8162,486
8163,479
8164,483
8165,495
8166,470
8167,465
8168,464
8169,479
8170,459
8171,448
8172,463
8173,461
8174,478
8175,500
8176,491
8177,479
8178,455
8179,461
8180,489
8181,481
8182,464
8183,483
8184,408
8185,523
8186,514
8187,498
8188,438
8189,508
8190,504
8191,480
8192,494
8193,486
8194,473
8195,503
8196,494
8197,520
8198,494
8199,487
8200,472
8201,507
8202,488
8203,486
8204,466
8205,447
8206,460
8207,484
8208,479
8209,521
8210,440
8211,454
8212,493
8213,463
8214,516
8215,454
8216,497
8217,470
8218,482
8219,501
8220,517
8221,509
8222,462
8223,542
8224,456
8225,491
8226,506
8227,489
8228,504
8229,497
8230,492
8231,452
8232,477
8233,518
8234,480
8235,480
8236,471
8237,535
8238,499
8239,491
8240,523
8241,446
8242,495
8243,444
8244,466
8245,529
8246,503
8247,503
8248,472
8249,505
8250,467
8251,528
8252,506
8253,467
8254,458
8255,471
8256,460
8257,445
8258,449
8259,516
8260,474
8261,476
8262,512
8263,511
8264,470
8265,486
8266,489
8267,482
8268,498
8269,495
8270,514
8271,476
8272,465
8273,478
8274,471
8275,462
8276,506
8277,483
8278,503
8279,504
8280,460
8281,478
8282,465
8283,479
8284,481
8285,473
8286,503
8287,459
8288,497
8289,473
8290,511
8291,507
8292,489
8293,496
8294,445
8295,512
8296,460
8297,464
8298,451
8299,478
8300,506
8301,473
8302,468
8303,469
8304,486
8305,465
8306,486
8307,521
8308,488
8309,479
8310,486
8311,505
8312,496
8313,517
8314,466
8315,496
8316,477
8317,512
8318,473
8319,512
8320,461
8321,474
8322,461
8323,498
8324,464
8325,504
8326,508
8327,478
8328,473
8329,466
8330,478
8331,465
8332,457
8333,477
8334,491
8335,482
8336,495
8337,477
8338,444
8339,491
8340,471
8341,476
8342,468
8343,443
8344,480
8345,488
8346,457
8347,466
8348,479
8349,482
8350,494
8351,518
8352,490
8353,457
8354,487
8355,482
8356,522
8357,462
8358,491
8359,486
8360,484
8361,491
8362,504
8363,476
8364,476
8365,509
8366,488
8367,483
8368,457
8369,481
8370,503
8371,483
8372,479
8373,501
8374,493
8375,510
8376,515
8377,454
8378,492
8379,462
8380,460
8381,475
8382,458
8383,500
8384,471
8385,526
8386,497
8387,480
8388,518
8389,491
8390,508
8391,482
8392,536
8393,457
8394,475
8395,495
8396,470
8397,457
8398,501
8399,501
8400,501
8401,454
8402,469
8403,474
8404,497
8405,492
8406,477
8407,502
8408,499
8409,523
8410,480
8411,458
8412,472
8413,509
8414,483
8415,506
8416,507
8417,517
8418,481
8419,486
8420,502
8421,513
8422,513
8423,501
8424,488
8425,446
8426,484
8427,467
8428,512
8429,506
8430,503
8431,497
8432,469
8433,505
8434,479
8435,456
8436,535
8437,517
8438,471
8439,507
8440,495
8441,504
8442,474
8443,508
8444,493
8445,477
8446,483
8447,496
8448,458
8449,485
8450,489
8451,478
8452,481
8453,491
8454,452
8455,436
8456,492
8457,479
8458,502
8459,478
8460,543
8461,490
8462,449
8463,492
8464,496
8465,477
8466,505
8467,483
8468,504
8469,489
8470,491
8471,465
8472,471
8473,521
8474,440
8475,514
8476,507
8477,483
8478,501
8479,522
8480,500
8481,521
8482,448
8483,491
8484,461
8485,483
8486,492
8487,485
8488,475
8489,496
8490,483
8491,482
8492,488
8493,504
8494,432
8495,499
8496,482
8497,474
8498,490
8499,464
8500,470
8501,498
8502,469
8503,460
8504,497
8505,487
8506,466
8507,454
8508,469
8509,481
8510,490
8511,484
8512,514
8513,473
8514,480
8515,500
8516,451
8517,485
8518,481
8519,488
8520,492
8521,499
8522,452
8523,500
8524,535
8525,468
8526,477
8527,460
8528,527
8529,462
8530,499
8531,495
8532,477
8533,472
8534,474
8535,462
8536,491
8537,491
8538,477
8539,476
8540,488
8541,464
8542,525
8543,457
8544,510
8545,515
8546,473
8547,523
8548,478
8549,522
8550,491
8551,513
8552,468
8553,486
8554,460
8555,458
8556,494
8557,454
8558,481
8559,468
8560,471
8561,481
8562,505
8563,505
8564,477
8565,521
8566,496
8567,513
8568,499
8569,527
8570,449
8571,470
8572,465
8573,482
8574,482
8575,493
8576,519
8577,524
8578,435
8579,468
8580,524
8581,485
8582,500
8583,506
8584,477
8585,486
8586,508
8587,479
8588,470
8589,483
8590,466
8591,455
8592,510
8593,492
8594,463
8595,509
8596,498
8597,467
8598,474
8599,493
8600,470
8601,522
8602,504
8603,521
8604,492
8605,500
8606,496
8607,484
8608,481
8609,462
8610,467
8611,448
8612,505
8613,480
8614,504
8615,476
8616,497
8617,481
8618,497
8619,512
8620,495
8621,514
8622,446
8623,445
8624,425
8625,482
8626,463
8627,474
8628,499
8629,491
8630,500
8631,493
8632,506
8633,504
8634,477
8635,465
8636,456
8637,498
8638,477
8639,498
8640,480
8641,478
8642,529
8643,480
8644,503
8645,479
8646,487
8647,452
8648,493
8649,476
8650,461
8651,474
8652,496
8653,474
8654,480
8655,501
8656,474
8657,445
8658,485
8659,496
8660,472
8661,462
8662,502
8663,481
8664,469
8665,495
8666,446
8667,506
8668,485
8669,473
8670,492
8671,473
8672,470
8673,496
8674,470
8675,498
8676,455
8677,492
8678,496
8679,481
8680,457
8681,484
8682,495
8683,476
8684,494
8685,492
8686,446
8687,478
8688,510
8689,499
8690,486
8691,471
8692,502
8693,515
8694,473
8695,481
8696,450
8697,492
8698,480
8699,463
8700,490
8701,465
8702,509
8703,499
8704,466
8705,479
8706,483
8707,455
8708,497
8709,490
8710,475
8711,462
8712,471
8713,486
8714,460
8715,470
8716,479
8717,511
8718,480
8719,501
8720,466
8721,473
8722,480
8723,496
8724,465
8725,485
8726,502
8727,477
8728,497
8729,484
8730,482
8731,492
8732,460
8733,474
8734,495
8735,475
8736,492
8737,457
8738,469
8739,506
8740,509
8741,503
8742,464
8743,494
8744,465
8745,480
8746,528
8747,506
8748,498
8749,458
8750,469
8751,470
8752,470
8753,500
8754,495
8755,485
8756,492
8757,460
8758,516
8759,509
8760,441
8761,456
8762,471
8763,495
8764,492
8765,471
8766,461
8767,508
8768,504
8769,507
8770,474
8771,486
8772,476
8773,516
8774,487
8775,487
8776,480
8777,487
8778,498
8779,510
8780,514
8781,468
8782,467
8783,479
8784,462
8785,478
8786,455
8787,479
8788,496
8789,471
8790,496
8791,506
8792,469
8793,467
8794,480
8795,507
8796,486
8797,487
8798,473
8799,473
8800,457
8801,477
8802,483
8803,506
8804,494
8805,510
8806,521
8807,524
8808,482
8809,478
8810,498
8811,513
8812,485
8813,504
8814,478
8815,515
8816,489
8817,517
8818,484
8819,470
8820,495
8821,496
8822,477
8823,486
8824,464
8825,500
8826,425
8827,457
8828,468
8829,488
8830,477
8831,474
8832,527
8833,454
8834,447
8835,475
8836,469
8837,446
8838,480
8839,486
8840,444
8841,485
8842,460
8843,465
8844,507
8845,497
8846,491
8847,473
8848,474
8849,489
8850,471
8851,483
8852,477
8853,455
8854,473
8855,512
8856,505
8857,522
8858,482
8859,467
8860,516
8861,499
8862,483
8863,480
8864,487
8865,436
8866,466
8867,480
8868,458
8869,433
8870,513
8871,473
8872,482
8873,507
8874,474
8875,513
8876,466
8877,487
8878,494
8879,515
8880,482
8881,462
8882,484
8883,456
8884,473
8885,526
8886,506
8887,454
8888,488
8889,502
8890,491
8891,511
8892,493
8893,497
8894,442
8895,472
8896,469
8897,484
8898,530
8899,491
8900,501
8901,427
8902,492
8903,484
8904,491
8905,487
8906,492
8907,477
8908,474
8909,479
8910,458
8911,491
8912,475
8913,513
8914,465
8915,525
8916,486
8917,494
8918,458
8919,501
8920,505
8921,476
8922,498
8923,471
8924,477
8925,447
8926,493
8927,488
8928,511
8929,530
8930,474
8931,433
8932,535
8933,471
8934,490
8935,438
8936,507
8937,495
8938,486
8939,505
8940,456
8941,479
8942,489
8943,503
8944,453
8945,504
8946,475
8947,469
8948,458
8949,469
8950,461
8951,513
8952,495
8953,484
8954,456
8955,501
8956,529
8957,471
8958,472
8959,511
8960,441
8961,483
8962,493
8963,505
8964,506
8965,479
8966,485
8967,452
8968,496
8969,513
8970,486
8971,492
8972,481
8973,497
8974,509
8975,516
8976,486
8977,500
8978,488
8979,478
8980,449
8981,466
8982,449
8983,459
8984,477
8985,495
8986,495
8987,466
8988,475
8989,478
8990,526
8991,516
8992,440
8993,465
8994,472
8995,478
8996,500
8997,475
8998,471
8999,483
9000,511
9001,508
9002,477
9003,501
9004,500
9005,460
9006,508
9007,506
9008,466
9009,513
9010,485
9011,478
9012,470
9013,465
9014,481
9015,482
9016,505
9017,471
9018,467
9019,508
9020,518
9021,460
9022,503
9023,486
9024,509
9025,512
9026,501
9027,502
9028,474
9029,484
9030,510
9031,496
9032,487
9033,459
9034,553
9035,526
9036,494
9037,471
9038,506
9039,497
9040,491
9041,526
9042,463
9043,480
9044,474
9045,497
9046,475
9047,468
9048,429
9049,448
9050,495
9051,556
9052,481
9053,451
9054,454
9055,531
9056,466
9057,492
9058,501
9059,478
9060,459
9061,500
9062,488
9063,512
9064,505
9065,488
9066,445
9067,434
9068,431
9069,477
9070,505
9071,486
9072,491
9073,516
9074,483
9075,517
9076,486
9077,487
9078,475
9079,500
9080,500
9081,446
9082,477
9083,478
9084,473
9085,477
9086,455
9087,495
9088,473
9089,486
9090,496
9091,482
9092,457
9093,492
9094,473
9095,487
9096,506
9097,436
9098,505
9099,505
9100,475
9101,508
9102,457
9103,471
9104,462
9105,485
9106,483
9107,483
9108,483
9109,494
9110,510
9111,490
9112,479
9113,516
9114,479
9115,514
9116,499
9117,499
9118,486
9119,473
9120,497
9121,492
9122,466
9123,492
9124,468
9125,481
9126,462
9127,509
9128,459
9129,475
9130,437
9131,497
9132,496
9133,443
9134,471
9135,496
9136,514
9137,493
9138,501
9139,502
9140,473
9141,478
9142,488
9143,476
9144,495
9145,452
9146,518
9147,500
9148,476
9149,508
9150,447
9151,446
9152,519
9153,467
9154,467
9155,486
9156,476
9157,496
9158,506
9159,485
9160,492
9161,443
9162,455
9163,482
9164,476
9165,522
9166,479
9167,444
9168,463
9169,504
9170,484
9171,440
9172,444
9173,483
9174,463
9175,450
9176,496
9177,500
9178,486
9179,507
9180,459
9181,470
9182,461
9183,468
9184,461
9185,477
9186,490
9187,459
9188,483
9189,440
9190,512
9191,477
9192,467
9193,432
9194,503
9195,488
9196,478
9197,492
9198,460
9199,456
9200,460
9201,465
9202,525
9203,515
9204,486
9205,498
9206,501
9207,456
9208,491
9209,492
9210,468
9211,492
9212,497
9213,500
9214,474
9215,495
9216,451
9217,482
9218,470
9219,522
9220,471
9221,493
9222,491
9223,490
9224,509
9225,482
9226,473
9227,450
9228,428
9229,495
9230,503
9231,494
9232,476
9233,495
9234,482
9235,469
9236,496
9237,510
9238,474
9239,466
9240,523
9241,508
9242,497
9243,501
9244,475
9245,487
9246,495
9247,502
9248,500
9249,499
9250,465
9251,486
9252,496
9253,460
9254,469
9255,506
9256,487
9257,509
9258,460
9259,497
9260,507
9261,457
9262,493
9263,514
9264,503
9265,494
9266,481
9267,480
9268,545
9269,494
9270,475
9271,488
9272,478
9273,471
9274,469
9275,483
9276,505
9277,485
9278,512
9279,513
9280,488
9281,476
9282,472
9283,504
9284,470
9285,462
9286,512
9287,538
9288,465
9289,428
9290,489
9291,452
9292,496
9293,464
9294,476
9295,476
9296,497
9297,481
9298,468
9299,474
9300,453
9301,451
9302,498
9303,458
9304,470
9305,498
9306,475
9307,482
9308,493
9309,538
9310,518
9311,501
9312,484
9313,479
9314,488
9315,488
9316,497
9317,470
9318,459
9319,426
9320,502
9321,476
9322,456
9323,468
9324,488
9325,505
9326,472
9327,489
9328,484
9329,510
9330,491
9331,491
9332,455
9333,481
9334,493
9335,538
9336,492
9337,485
9338,479
9339,488
9340,497
9341,492
9342,494
9343,500
9344,491
9345,470
9346,504
9347,458
9348,475
9349,477
9350,474
9351,499
9352,484
9353,476
9354,497
9355,522
9356,451
9357,451
9358,478
9359,480
9360,489
9361,498
9362,487
9363,463
9364,488
9365,496
9366,509
9367,494
9368,463
9369,506
9370,484
9371,477
9372,488
9373,517
9374,453
9375,493
9376,455
9377,494
9378,489
9379,478
9380,503
9381,457
9382,451
9383,477
9384,503
9385,473
9386,485
9387,457
9388,508
9389,508
9390,459
9391,472
9392,472
9393,501
9394,492
9395,471
9396,484
9397,501
9398,483
9399,502
9400,465
9401,470
9402,500
9403,483
9404,481
9405,497
9406,496
9407,482
9408,495
9409,516
9410,499
9411,490
9412,515
9413,462
9414,520
9415,467
9416,465
9417,514
9418,501
9419,500
9420,457
9421,461
9422,469
9423,522
9424,474
9425,496
9426,510
9427,493
9428,463
9429,543
9430,476
9431,473
9432,471
9433,481
9434,479
9435,521
9436,505
9437,493
9438,516
9439,499
9440,517
9441,494
9442,526
9443,485
9444,466
9445,482
9446,482
9447,458
9448,504
9449,467
9450,492
9451,517
9452,451
9453,487
9454,475
9455,518
9456,511
9457,478
9458,438
9459,469
9460,478
9461,478
9462,456
9463,489
9464,501
9465,513
9466,460
9467,488
9468,522
9469,530
9470,475
9471,491
9472,466
9473,498
9474,500
9475,464
9476,488
9477,491
9478,500
9479,481
9480,501
9481,480
9482,468
9483,491
9484,490
9485,489
9486,482
9487,474
9488,495
9489,439
9490,486
9491,465
9492,467
9493,481
9494,472
9495,462
9496,490
9497,473
9498,472
9499,463
9500,517
9501,489
9502,465
9503,433
9504,478
9505,492
9506,452
9507,512
9508,493
9509,467
9510,450
9511,456
9512,471
9513,470
9514,524
9515,471
9516,494
9517,499
9518,487
9519,517
9520,494
9521,481
9522,478
9523,522
9524,476
9525,488
9526,504
9527,485
9528,466
9529,493
9530,463
9531,477
9532,462
9533,498
9534,457
9535,515
9536,449
9537,491
9538,481
9539,448
9540,491
9541,520
9542,481
9543,482
9544,487
9545,464
9546,502
9547,479
9548,510
9549,474
9550,461
9551,468
9552,489
9553,530
9554,466
9555,491
9556,493
9557,476
9558,466
9559,490
9560,466
9561,492
9562,465
9563,476
9564,470
9565,502
9566,474
9567,508
9568,460
9569,499
9570,443
9571,493
9572,473
9573,466
9574,458
9575,508
9576,489
9577,478
9578,450
9579,479
9580,468
9581,456
9582,480
9583,511
9584,489
9585,494
9586,455
9587,493
9588,443
9589,507
